V_channel_m_s,Hf_mm,b_mm,L_mm,W_mm,tf_mm,number_of_fins,number_of_channels,used_width_mm,Dh_mm,flow_area_m2,volumetric_flow_CFM,volumetric_flow_m3_h,m_dot_kg_s,C_air_W_K,Re_Dh,Re_note,Re_b_teertstra,Re_star_teertstra,Nu_teertstra,Nu_reference,h_teertstra_W_m2K,h_reference_W_m2K,eta_fin_teertstra,eta_fin_reference,A_eff_teertstra_m2,A_eff_reference_m2,hA_teertstra_W_K,hA_reference_W_K,NTU_teertstra,NTU_reference,epsilon_teertstra,epsilon_reference,R_hs_teertstra_K_W,R_hs_reference_K_W,R_total_teertstra_K_W,R_total_reference_K_W,T_chip_teertstra_C,T_chip_reference_C,margin_teertstra_C,margin_reference_C,T_air_out_chip_C,T_air_out_full_board_C,deltaT_air_chip_K,deltaT_air_full_board_K,pressure_drop_channel_Pa_approx,robust_status
4,50,2,120,80.0,1.0,26,25,76.00000000000001,3.846153846153846,0.0025,21.1888,36.0,0.01184,11.92288,984.6153846153845,Laminar indicator,512.0,8.533333333333333,2.2027544105977657,7.54,28.96622049936062,99.151,0.7969147861760223,0.5604803877032554,0.25463741328691897,0.18086988096341572,7.375883460655714,17.933429567403632,0.6186327012144478,1.504118934972392,0.46131952855468095,0.7777870082963153,0.18180967376627793,0.10783460265330973,0.22827057911607218,0.15429550800310396,82.06764477901805,63.57387700077599,2.932355220981947,21.426122999224013,45.96808824713492,51.8391529563327,20.968088247134922,26.839152956332697,28.813823999999997,PASS_BOTH
4,50,2,150,80.0,1.0,26,25,76.00000000000001,3.846153846153846,0.0025,21.1888,36.0,0.01184,11.92288,984.6153846153845,Laminar indicator,512.0,6.826666666666667,1.909616754234934,7.54,25.111460318189383,99.151,0.8180812259311663,0.5604803877032554,0.3265516781131549,0.22608735120426962,8.200189506776642,22.416786959254537,0.6877691888852897,1.8801486687154898,0.4973037604844003,0.8474325779319163,0.16865417005261243,0.0989723019537704,0.21511507540240668,0.14543320730356463,78.77876885060167,61.358301825891154,6.221231149398335,23.641698174108846,45.96808824713492,51.8391529563327,20.968088247134922,26.839152956332697,36.01728,PASS_BOTH
4,50,3,150,80.0,1.0,20,19,77.0,5.660377358490566,0.00285,24.155232,41.04,0.0134976,13.5920832,1449.0566037735848,Laminar indicator,768.0,15.360000000000003,3.0269355981865047,7.54,26.536135410768356,66.10066666666667,0.8100968879056946,0.6459132049972609,0.2515790663717084,0.2023239614991783,6.6759361717543335,13.373748737736687,0.4911635746722279,0.9839366446592004,0.3880860278129198,0.6261634632636005,0.18957714061042527,0.11749685789740669,0.23603804596021952,0.16395776324720093,84.00951149005488,65.98944081180024,0.9904885099451235,19.010559188199764,43.39305986590783,48.543116628362014,18.39305986590783,23.543116628362014,16.629279999999998,PASS_BOTH
5,35,2,150,80.0,1.0,26,25,76.00000000000001,3.7837837837837838,0.0017500000000000003,18.540200000000002,31.500000000000004,0.010360000000000001,10.432520000000002,1210.8108108108108,Laminar indicator,640.0,8.533333333333333,2.2027544105977657,7.54,28.96622049936062,99.151,0.8864530612632319,0.7072322868246496,0.24950168572486234,0.20057441430312936,7.227120843668539,19.887153752569578,0.6927492919897146,1.9062655765404306,0.4998010161308062,0.8513655846898885,0.19178455946976622,0.11258866863417227,0.23824546481956047,0.15904957398396652,84.5613662048901,64.76239349599163,0.43863379510989375,20.23760650400837,48.96352942529705,55.67331766438022,23.963529425297047,30.67331766438022,46.518061224489784,PASS_BOTH
5,40,2,120,80.0,1.0,26,25,76.00000000000001,3.8095238095238093,0.002,21.1888,36.0,0.01184,11.92288,1219.047619047619,Laminar indicator,640.0,10.666666666666668,2.506971710958639,7.54,32.9666779991061,99.151,0.841660436470158,0.654290812917016,0.21607844494295145,0.1693109869040872,7.123388516981857,16.78735366252715,0.5974553561708125,1.4079948521269317,0.4497900554187976,0.7553666823299763,0.1864700030116195,0.11103528253302107,0.23293090836141375,0.1574961878828153,83.23272709035344,64.37404697070383,1.7672729096465645,20.62595302929617,45.96808824713492,51.8391529563327,20.968088247134922,26.839152956332697,36.713249999999995,PASS_BOTH
5,40,2,150,80.0,1.0,26,25,76.00000000000001,3.8095238095238093,0.002,21.1888,36.0,0.01184,11.92288,1219.047619047619,Laminar indicator,640.0,8.533333333333333,2.2027544105977657,7.54,28.96622049936062,99.151,0.8576081638477613,0.654290812917016,0.27507374712050153,0.211638733630109,7.967846812677811,20.984192078158937,0.6682820604315243,1.7599935651586647,0.48741158226060566,0.8279540290919862,0.17207706185302635,0.10130073656447104,0.2185379672028206,0.14776164191426527,79.63449180070515,61.94041047856632,5.365508199294851,23.05958952143368,45.96808824713492,51.8391529563327,20.968088247134922,26.839152956332697,45.89156249999999,PASS_BOTH
5,50,2,80,80.0,1.0,26,25,76.00000000000001,3.846153846153846,0.0025,26.486000000000004,45.0,0.0148,14.9036,1230.7692307692307,Laminar indicator,640.0,16.0,3.087281934943192,7.54,40.597757444502975,99.151,0.7405365756508789,0.5604803877032554,0.15803160773538283,0.12057992064227713,6.415728879405912,11.955619711602418,0.43048182180184064,0.8021967653186087,0.349804259244368,0.5516570227803741,0.19181551001058042,0.12162970762640826,0.23827641536037467,0.1680906129762025,84.56910384009367,67.02265324405063,0.43089615990632524,17.97734675594937,41.77447059770793,46.47132236506616,16.774470597707932,21.471322365066158,24.01152,PASS_BOTH
5,50,2,100,80.0,1.0,26,25,76.00000000000001,3.846153846153846,0.0025,26.486000000000004,45.0,0.0148,14.9036,1230.7692307692307,Laminar indicator,640.0,12.799999999999999,2.763057219251167,7.54,36.33420243315284,99.151,0.7600125972642859,0.5604803877032554,0.20260327528871436,0.1507249008028464,7.36142841795994,14.944524639503022,0.4939362582168026,1.0027459566482608,0.38978032165852006,0.6331293541378248,0.17214281651092447,0.10597815746863211,0.21860372186071872,0.15243906281842634,79.65093046517967,63.10976570460659,5.34906953482033,21.890234295393412,41.77447059770793,46.47132236506616,16.774470597707932,21.471322365066158,30.014400000000006,PASS_BOTH
5,50,2,120,80.0,1.0,26,25,76.00000000000001,3.846153846153846,0.0025,26.486000000000004,45.0,0.0148,14.9036,1230.7692307692307,Laminar indicator,640.0,10.666666666666668,2.506971710958639,7.54,32.9666779991061,99.151,0.7763367138688393,0.5604803877032554,0.24821705472707792,0.18086988096341572,8.182891717074074,17.933429567403632,0.5490547060491474,1.2032951479779135,0.42250454459697706,0.6997966341973121,0.15880984772562803,0.09588197357907421,0.20527075307542228,0.14234287892886846,76.31768826885556,60.585719732217115,8.682311731144438,24.414280267782885,41.77447059770793,46.47132236506616,16.774470597707932,21.471322365066158,36.01727999999999,PASS_BOTH
5,50,2,150,80.0,1.0,26,25,76.00000000000001,3.846153846153846,0.0025,26.486000000000004,45.0,0.0148,14.9036,1230.7692307692307,Laminar indicator,640.0,8.533333333333333,2.2027544105977657,7.54,28.96622049936062,99.151,0.7969147861760223,0.5604803877032554,0.3182967666086487,0.22608735120426962,9.219854325819643,22.416786959254537,0.6186327012144477,1.5041189349723916,0.46131952855468095,0.7777870082963152,0.14544773901302233,0.0862676821226478,0.19190864436281657,0.13272858747244204,72.97716109070414,58.18214686811051,12.022838909295857,26.817853131889493,41.77447059770793,46.47132236506616,16.774470597707932,21.471322365066158,45.02159999999999,PASS_BOTH
5,50,3,120,80.0,1.0,20,19,77.0,5.660377358490566,0.00285,30.19404,51.300000000000004,0.016871999999999998,16.990104,1811.3207547169811,Laminar indicator,960.0000000000001,24.000000000000004,3.720343794298868,7.54,32.615013930020076,66.10066666666667,0.7780924509747047,0.6459132049972609,0.19358218823392914,0.16185916919934262,6.313685765853368,10.698998990189347,0.37160960085078754,0.6297194525818881,0.3103765816263976,0.4672587607771501,0.1896334809233532,0.1259640193219964,0.23609438627314744,0.17242492467179066,84.02359656828686,68.10623116794767,0.9764034317131376,16.89376883205233,39.71444789272626,43.834493302689616,14.714447892726263,18.834493302689616,16.629279999999998,PASS_BOTH
5,50,3,150,80.0,1.0,20,19,77.0,5.660377358490566,0.00285,30.19404,51.300000000000004,0.016871999999999998,16.990104,1811.3207547169811,Laminar indicator,960.0000000000001,19.200000000000003,3.363619316924843,7.54,29.487729345041124,66.10066666666667,0.7941549793626489,0.6459132049972609,0.2467964938087947,0.2023239614991783,7.277468212738856,13.373748737736687,0.4283357072292704,0.7871493157273604,0.3484073662800874,0.5448595906816253,0.16893383225310113,0.10802377819443962,0.21539473760289538,0.15448468354423386,78.84868440072384,63.621170886058465,6.15131559927616,21.378829113941535,39.71444789272626,43.834493302689616,14.714447892726263,18.834493302689616,20.786599999999996,PASS_BOTH
6,30,2,150,80.0,1.0,26,25,76.00000000000001,3.75,0.0015,19.069920000000003,32.400000000000006,0.010656,10.730592,1440.0,Laminar indicator,768.0,10.24,2.45057180669137,7.54,32.22501925799152,99.151,0.9048318873952385,0.7630478108511957,0.2192306616504858,0.18605318773917978,7.064712293629127,18.447359617527415,0.65837115917082,1.719137175053102,0.4823061109447109,0.8207792826753603,0.19322065635465824,0.1135402723821665,0.23968156170445248,0.16000117773196074,84.92039042611313,65.00029443299019,0.07960957388687007,19.999705567009812,48.29787583014991,54.821281062591886,23.297875830149913,29.821281062591886,56.831999999999994,PASS_BOTH
6,35,2,120,80.0,1.0,26,25,76.00000000000001,3.7837837837837838,0.0017500000000000003,22.248240000000006,37.80000000000001,0.012432000000000002,12.519024000000002,1452.972972972973,Laminar indicator,768.0,12.8,2.763057219251167,7.54,36.33420243315284,99.151,0.8623228478903869,0.7072322868246496,0.19433130997926054,0.1604595314425035,7.060873155886227,15.909723002055664,0.5640114721312321,1.2708437176936207,0.43107773560919427,0.7194052209016131,0.18529936672506064,0.11103398904660036,0.2317602720748549,0.1574948943963946,82.94006801871373,64.37372359909865,2.059931981286269,20.626276400901347,44.96960785441421,50.561098053650184,19.969607854414207,25.561098053650184,44.6573387755102,PASS_BOTH
6,35,2,150,80.0,1.0,26,25,76.00000000000001,3.7837837837837838,0.0017500000000000003,22.248240000000006,37.80000000000001,0.012432000000000002,12.519024000000002,1452.972972972973,Laminar indicator,768.0,10.24,2.45057180669137,7.54,32.22501925799152,99.151,0.8755785765796774,0.7072322868246496,0.24653295140625195,0.20057441430312936,7.944529106795956,19.887153752569578,0.6345965234027793,1.5885546471170258,0.46985065197406617,0.7957794306874094,0.17000813148188584,0.10037760255835755,0.2164690368316801,0.14683850790815178,79.11725920792003,61.70962697703794,5.8827407920799715,23.290373022962058,44.96960785441421,50.561098053650184,19.969607854414207,25.561098053650184,55.82167346938775,PASS_BOTH
6,40,2,100,80.0,1.0,26,25,76.00000000000001,3.8095238095238093,0.002,25.426560000000002,43.2,0.014208,14.307456,1462.8571428571427,Laminar indicator,768.0,15.36,3.0269355981865047,7.54,39.804203116152536,99.151,0.8160270407040724,0.654290812917016,0.17473362446644708,0.14109248908673933,6.95513267948398,13.98946138543929,0.4861194526465068,0.9777742028659245,0.38499166144806674,0.6238526044122139,0.18154582160964025,0.11203548241383497,0.2280067269594345,0.1584963877636292,82.00168173985863,64.6240969409073,2.9983182601413745,20.375903059092707,42.47340687261243,47.36596079694392,17.47340687261243,22.365960796943916,36.713249999999995,PASS_BOTH
6,40,2,120,80.0,1.0,26,25,76.00000000000001,3.8095238095238093,0.002,25.426560000000002,43.2,0.014208,14.307456,1462.8571428571427,Laminar indicator,768.0,12.8,2.763057219251167,7.54,36.33420243315284,99.151,0.8287904594563147,0.654290812917016,0.21286609868029616,0.1693109869040872,7.734319920605369,16.78735366252715,0.5405796754227564,1.1733290434391095,0.4175894545758999,0.6906645658454191,0.16737402423495842,0.10119764491594455,0.21383492958475267,0.1476585502657388,78.45873239618817,61.9146375664347,6.541267603811832,23.0853624335653,42.47340687261243,47.36596079694392,17.47340687261243,22.365960796943916,44.0559,PASS_BOTH
6,40,2,150,80.0,1.0,26,25,76.00000000000001,3.8095238095238093,0.002,25.426560000000002,43.2,0.014208,14.307456,1462.8571428571427,Laminar indicator,768.0,10.24,2.45057180669137,7.54,32.22501925799152,99.151,0.844561724705147,0.654290812917016,0.27100325810800585,0.211638733630109,8.733085211508936,20.984192078158937,0.610387004615561,1.466661304298887,0.45685936953542094,0.7693055806800329,0.15298718194512323,0.09085287985128977,0.19944808729491748,0.137313785201084,74.86202182372938,59.328446300271004,10.137978176270622,25.671553699728996,42.47340687261243,47.36596079694392,17.47340687261243,22.365960796943916,55.069874999999996,PASS_BOTH
6,40,3,150,80.0,1.0,20,19,77.0,5.5813953488372094,0.00228,28.9862784,49.248,0.01619712,16.31049984,2143.255813953488,Laminar indicator,1152.0,23.04,3.6533214573870163,7.54,32.02745144309284,66.10066666666667,0.8453387595087158,0.7330871559342245,0.2114313022820918,0.18449091742421386,6.77160576738958,12.194972635685486,0.41516850089307755,0.7476762058375697,0.339770977848205,0.5265344882384533,0.18044566355051325,0.11644099469750281,0.2269065689003075,0.16290190004729704,81.72664222507687,65.72547501182426,3.2733577749231273,19.27452498817574,40.32754988825652,44.619263856968345,15.32754988825652,19.619263856968345,25.654875000000004,PASS_BOTH
6,50,2,80,80.0,1.0,26,25,76.00000000000001,3.846153846153846,0.0025,31.7832,54.0,0.017759999999999998,17.88432,1476.9230769230767,Laminar indicator,768.0,19.2,3.363619316924843,7.54,44.23159401756168,99.151,0.7248994663659997,0.5604803877032554,0.15477908900412796,0.12057992064227713,6.846125827238634,11.955619711602418,0.3828004546574113,0.668497304432174,0.3180510345502069,0.48752190196907297,0.17580481092110134,0.11469208207164173,0.22226571627089559,0.16115298742143597,80.5664290677239,65.28824685535899,4.433570932276098,19.71175314464101,38.97872549808995,42.892768637555136,13.97872549808995,17.892768637555136,28.813824000000004,PASS_BOTH
6,50,2,100,80.0,1.0,26,25,76.00000000000001,3.846153846153846,0.0025,31.7832,54.0,0.017759999999999998,17.88432,1476.9230769230767,Laminar indicator,768.0,15.36,3.0269355981865047,7.54,39.804203116152536,99.151,0.7440660435768007,0.5604803877032554,0.1984571713299682,0.1507249008028464,7.8994295574751385,14.944524639503022,0.44169582950177244,0.8356216305402175,0.35705482933110266,0.5663951443827857,0.15660032409338737,0.0987206591491733,0.2030612294431816,0.14518156449896755,75.7653073607954,61.29539112474189,9.234692639204596,23.70460887525811,38.97872549808995,42.892768637555136,13.97872549808995,17.892768637555136,36.01728000000001,PASS_BOTH
6,50,2,120,80.0,1.0,26,25,76.00000000000001,3.846153846153846,0.0025,31.7832,54.0,0.017759999999999998,17.88432,1476.9230769230767,Laminar indicator,768.0,12.8,2.763057219251167,7.54,36.33420243315284,99.151,0.7600125972642859,0.5604803877032554,0.24312393034645727,0.18086988096341572,8.833714101551928,17.933429567403632,0.4939362582168027,1.0027459566482613,0.38978032165852017,0.6331293541378249,0.14345234709243704,0.08831513122386009,0.18991325244223128,0.13477603657365433,72.47831311055782,58.69400914341358,12.52168688944218,26.30599085658642,38.97872549808995,42.892768637555136,13.97872549808995,17.892768637555136,43.220736,PASS_BOTH
6,50,2,150,80.0,1.0,26,25,76.00000000000001,3.846153846153846,0.0025,31.7832,54.0,0.017759999999999998,17.88432,1476.9230769230767,Laminar indicator,768.0,10.24,2.45057180669137,7.54,32.22501925799152,99.151,0.7800512293285508,0.5604803877032554,0.3117199794381348,0.22608735120426962,10.045182340494614,22.416786959254537,0.5616753860641397,1.2534324458103265,0.42974713063534764,0.7144769295042921,0.13011117004945202,0.07825991250851703,0.17657207539924627,0.12472081785831127,69.14301884981157,56.18020446457781,15.856981150188432,28.819795535422188,38.97872549808995,42.892768637555136,13.97872549808995,17.892768637555136,54.025920000000006,PASS_BOTH
6,50,3,100,80.0,1.0,20,19,77.0,5.660377358490566,0.00285,36.232848000000004,61.56,0.0202464,20.3881248,2173.584905660377,Laminar indicator,1152.0,34.559999999999995,4.362207610594216,7.54,38.24202005287596,66.10066666666667,0.7511398489926149,0.6459132049972609,0.155927969798523,0.13488264099945219,5.9630005478393535,8.915832491824457,0.2924742028182677,0.437305175404089,0.25358549982197487,0.3542256731047314,0.19341862873411234,0.13846585204432413,0.23987953408390658,0.18492675739411837,84.96988352097665,71.23168934852959,0.030116479023348575,13.768310651470415,37.26203991060522,40.695411085574676,12.262039910605218,15.695411085574676,16.62928,PASS_BOTH
6,50,3,120,80.0,1.0,20,19,77.0,5.660377358490566,0.00285,36.232848000000004,61.56,0.0202464,20.3881248,2173.584905660377,Laminar indicator,1152.0,28.8,4.030856040292586,7.54,35.337171286565,66.10066666666667,0.7647555002903815,0.6459132049972609,0.19038132006969158,0.16185916919934262,6.727537317065047,10.698998990189347,0.3299733243277502,0.5247662104849067,0.28105708853839595,0.4083063200236591,0.17451315637506248,0.1201258889149176,0.22097406172485673,0.16658679426471185,80.24351543121418,66.64669856617796,4.756484568785822,18.35330143382204,37.26203991060522,40.695411085574676,12.262039910605218,15.695411085574676,19.955136,PASS_BOTH
6,50,3,150,80.0,1.0,20,19,77.0,5.660377358490566,0.00285,36.232848000000004,61.56,0.0202464,20.3881248,2173.584905660377,Laminar indicator,1152.0,23.04,3.6533214573870163,7.54,32.02745144309284,66.10066666666667,0.7810482487337121,0.6459132049972609,0.24286447462011368,0.2023239614991783,7.778330168147945,13.373748737736687,0.38151277983877874,0.6559577631061335,0.3171723404250696,0.4810552016875713,0.1546419828938654,0.1019595245417925,0.20110288824365966,0.14842042989158674,75.27572206091492,62.105107472896684,9.724277939085084,22.894892527103316,37.26203991060522,40.695411085574676,12.262039910605218,15.695411085574676,24.943920000000002,PASS_BOTH
6,50,4,150,80.0,1.0,16,15,76.0,7.4074074074074066,0.003,38.13984000000001,64.80000000000001,0.021312,21.461184,2844.444444444444,Transitional indicator,1536.0,40.96,4.692858355735834,7.54,30.855543688963106,49.5755,0.7870284519131603,0.7033589910192312,0.19788682845915848,0.17780615784461548,6.105905680991912,8.814829178225734,0.284509264772713,0.4107335913165711,0.24761661522935074,0.3368364193943246,0.188176999419612,0.13833347279989797,0.23463790476940624,0.1847943781496922,83.65947619235156,71.19859453742305,1.340523807648438,13.801405462576952,36.64893791507495,39.91064053129594,11.648937915074953,14.91064053129594,14.565420000000001,PASS_BOTH
8,25,2,150,80.0,1.0,26,25,76.00000000000001,3.7037037037037033,0.00125,21.1888,36.0,0.01184,11.92288,1896.296296296296,Laminar indicator,1024.0,13.653333333333334,2.855485430269237,7.54,37.54963340804047,99.151,0.9212802957685576,0.8199227669362573,0.18714965767486874,0.1673849395525702,7.027401038131589,16.596384141576888,0.5894046604622029,1.391977789055739,0.44534260406163506,0.7514168269532353,0.1883322013739602,0.1116189443462643,0.23479310672375445,0.15807984969605854,83.69827668093862,64.51996242401464,1.3017233190613808,20.480037575985364,45.96808824713492,51.8391529563327,20.968088247134922,26.839152956332697,77.68224,PASS_BOTH
8,30,2,100,80.0,1.0,26,25,76.00000000000001,3.75,0.0015,25.426560000000002,43.2,0.014208,14.307456,1919.9999999999998,Laminar indicator,1024.0,20.48,3.464477657314975,7.54,45.55788119369192,99.151,0.8715062213841201,0.7630478108511957,0.14095497053592274,0.12403545849278652,6.421609801335913,12.298239745018275,0.44882960334359323,0.8595685875265509,0.36162513363055504,0.5766553208972153,0.19327646501986434,0.12120520691927818,0.2397373703696586,0.1676661122690724,84.93434259241465,66.9165280672681,0.06565740758534844,18.083471932731896,42.47340687261243,47.36596079694392,17.47340687261243,22.365960796943916,50.51733333333333,PASS_BOTH
8,30,2,120,80.0,1.0,26,25,76.00000000000001,3.75,0.0015,25.426560000000002,43.2,0.014208,14.307456,1919.9999999999998,Laminar indicator,1024.0,17.066666666666666,3.183764700763548,7.54,41.86650581504066,99.151,0.8804297435214993,0.7630478108511957,0.17081644798722467,0.14884255019134385,7.151487812961732,14.757887694021933,0.4998434252016384,1.0314823050318613,0.39337436543648185,0.643521840625753,0.1776771280276408,0.10861111943378021,0.22413803337743504,0.15507202478357446,81.03450834435876,63.76800619589361,3.9654916556412445,21.231993804106388,42.47340687261243,47.36596079694392,17.47340687261243,22.365960796943916,60.6208,PASS_BOTH
8,30,2,150,80.0,1.0,26,25,76.00000000000001,3.75,0.0015,25.426560000000002,43.2,0.014208,14.307456,1919.9999999999998,Laminar indicator,1024.0,13.653333333333334,2.855485430269237,7.54,37.54963340804047,99.151,0.8911542710588408,0.7630478108511957,0.21603009942776874,0.18605318773917978,8.11185103861525,18.447359617527415,0.566966694750992,1.2893528812898265,0.4327565457032233,0.7245510263871537,0.16150796142638021,0.09646474153650988,0.20796886677617446,0.14292564688630413,76.9922166940436,60.73141172157603,8.007783305956394,24.26858827842397,42.47340687261243,47.36596079694392,17.47340687261243,22.365960796943916,75.776,PASS_BOTH
8,35,2,80,80.0,1.0,26,25,76.00000000000001,3.7837837837837838,0.0017500000000000003,29.664320000000007,50.400000000000006,0.016576,16.692032,1937.2972972972973,Laminar indicator,1024.0,25.6,3.8280960169317804,7.54,50.33946262265291,99.151,0.8206161255755605,0.7072322868246496,0.12348170788380163,0.10697302096166898,6.216002818597977,10.606482001370441,0.3723934161280051,0.6354218588468104,0.3109169072118584,0.47028802250809265,0.1926843544806678,0.12738751721496738,0.23914525983046206,0.17384842256476163,84.78631495761552,68.4621056411904,0.21368504238448338,16.537894358809595,39.97720589081066,44.17082354023764,14.977205890810659,19.17082354023764,39.69541224489796,PASS_BOTH
8,35,2,100,80.0,1.0,26,25,76.00000000000001,3.7837837837837838,0.0017500000000000003,29.664320000000007,50.400000000000006,0.016576,16.692032,1937.2972972972973,Laminar indicator,1024.0,20.48,3.464477657314975,7.54,45.55788119369192,99.151,0.8342870783792978,0.7072322868246496,0.15684024826503223,0.13371627620208623,7.145309396847484,13.25810250171305,0.4280670799605155,0.7942773235585128,0.3482323072187843,0.5480923000074123,0.17203694867289737,0.1093042605459563,0.21849785402269162,0.15576516589575054,79.6244635056729,63.94129147393763,5.375536494327093,21.058708526062368,39.97720589081066,44.17082354023764,14.977205890810659,19.17082354023764,49.61926530612244,PASS_BOTH
8,35,2,120,80.0,1.0,26,25,76.00000000000001,3.7837837837837838,0.0017500000000000003,29.664320000000007,50.400000000000006,0.016576,16.692032,1937.2972972972973,Laminar indicator,1024.0,17.066666666666666,3.183764700763548,7.54,41.86650581504066,99.151,0.8452340700693782,0.7072322868246496,0.19059912090315223,0.1604595314425035,7.9797192036334605,15.909723002055664,0.47805558985469593,0.9531327882702155,0.3800122690038561,0.6144686584593784,0.15764970883778154,0.09749695568436077,0.20411061418757578,0.143957861034155,76.02765354689394,60.98946525853875,8.972346453106056,24.01053474146125,39.97720589081066,44.17082354023764,14.977205890810659,19.17082354023764,59.543118367346935,PASS_BOTH
8,35,2,150,80.0,1.0,26,25,76.00000000000001,3.7837837837837838,0.0017500000000000003,29.664320000000007,50.400000000000006,0.016576,16.692032,1937.2972972972973,Laminar indicator,1024.0,13.653333333333334,2.855485430269237,7.54,37.54963340804047,99.151,0.8584957639831622,0.7072322868246496,0.2418693435674033,0.20057441430312936,9.082105183599385,19.887153752569578,0.5440982370270668,1.1914159853377693,0.4196351009820525,0.6962092039425327,0.14276409057069056,0.08605003097343092,0.1892249959204848,0.13251093632322516,72.30624898012121,58.12773408080629,12.693751019878789,26.87226591919371,39.97720589081066,44.17082354023764,14.977205890810659,19.17082354023764,74.42889795918366,PASS_BOTH
8,35,3,150,80.0,1.0,20,19,77.0,5.526315789473684,0.0019950000000000002,33.81732480000001,57.45600000000001,0.018896640000000003,19.028916480000003,2829.473684210526,Transitional indicator,1536.0,30.720000000000006,4.145584308681643,7.54,36.34295577277574,66.10066666666667,0.8622951357244709,0.7792244794610012,0.18963197850213892,0.17218714068681026,6.8917866078071945,11.381684790825283,0.3621744104584558,0.5981257420929771,0.3038390604957252,0.4501587848105737,0.17295866940590035,0.11674014012409677,0.2194195747556946,0.163201045473891,79.85489368892365,65.80026136847275,5.145106311076347,19.199738631527254,38.13789990421987,41.81651187740144,13.137899904219871,16.81651187740144,34.89175510204082,PASS_BOTH
8,40,2,80,80.0,1.0,26,25,76.00000000000001,3.8095238095238093,0.002,33.902080000000005,57.6,0.018944,19.076608,1950.4761904761906,Laminar indicator,1024.0,25.6,3.8280960169317804,7.54,50.33946262265291,99.151,0.780090345849224,0.654290812917016,0.1338070335493109,0.11287399126939147,6.735774164003599,11.191569108351434,0.3530907677089973,0.5866645217195549,0.29748657505089426,0.4438206816551151,0.17621037389290325,0.11811126156255172,0.2226712792426975,0.16457216691234597,80.66781981067437,66.1430417280865,4.332180189325626,18.8569582719135,38.10505515445932,41.77447059770793,13.105055154459322,16.774470597707932,39.160799999999995,PASS_BOTH
8,40,2,100,80.0,1.0,26,25,76.00000000000001,3.8095238095238093,0.002,33.902080000000005,57.6,0.018944,19.076608,1950.4761904761906,Laminar indicator,1024.0,20.48,3.464477657314975,7.54,45.55788119369192,99.151,0.7959021833895797,0.654290812917016,0.17054765414503262,0.14109248908673933,7.769789765402256,13.98946138543929,0.4072940936566006,0.7333306521494434,0.33455154264907916,0.5196934111216387,0.1566880254168261,0.10086758749682878,0.20314893076662036,0.14732849284662303,75.78723269165509,61.832123211655755,9.212767308344908,23.167876788344245,38.10505515445932,41.77447059770793,13.105055154459322,16.774470597707932,48.951,PASS_BOTH
8,40,2,120,80.0,1.0,26,25,76.00000000000001,3.8095238095238093,0.002,33.902080000000005,57.6,0.018944,19.076608,1950.4761904761906,Laminar indicator,1024.0,17.066666666666666,3.183764700763548,7.54,41.86650581504066,99.151,0.808669238280081,0.654290812917016,0.20784384187470822,0.1693109869040872,8.701695414467864,16.78735366252715,0.4561447933756286,0.8799967825793322,0.36627792830277317,0.585215753785159,0.14311596896033993,0.08957417888835834,0.18957687431013417,0.13603508423815258,72.39421857753354,59.00877105953815,12.605781422466464,25.991228940461852,38.10505515445932,41.77447059770793,13.105055154459322,16.774470597707932,58.74119999999999,PASS_BOTH
8,40,2,150,80.0,1.0,26,25,76.00000000000001,3.8095238095238093,0.002,33.902080000000005,57.6,0.018944,19.076608,1950.4761904761906,Laminar indicator,1024.0,13.653333333333334,2.855485430269237,7.54,37.54963340804047,99.151,0.8242637913537129,0.654290812917016,0.26467030290235843,0.211638733630109,9.938272847978588,20.984192078158937,0.5209664552512998,1.0999959782241653,0.4060537519730977,0.6671275775663479,0.12909675224798883,0.0785760061202446,0.17555765759778308,0.12503691147003884,68.88941439944577,56.25922786750971,16.11058560055423,28.740772132490292,38.10505515445932,41.77447059770793,13.105055154459322,16.774470597707932,73.42649999999999,PASS_BOTH
8,40,3,120,80.0,1.0,20,19,77.0,5.5813953488372094,0.00228,38.6483712,65.664,0.02159616,21.74733312,2857.6744186046512,Transitional indicator,1536.0,38.400000000000006,4.564577060250209,7.54,40.016125561526835,66.10066666666667,0.8152632836103297,0.7330871559342245,0.16337055045318333,0.1475927339393711,6.537456459990339,9.75597810854839,0.3006095700984204,0.44860572350254185,0.2596332223469102,0.36148219836737605,0.1771061855995055,0.1272058482338795,0.22356709094929975,0.17366675358367376,80.89177273732494,68.41668839591844,4.108227262675058,16.58331160408156,36.49566241619239,39.714447892726255,11.495662416192388,14.714447892726255,27.365199999999998,PASS_BOTH
8,40,3,150,80.0,1.0,20,19,77.0,5.5813953488372094,0.00228,38.6483712,65.664,0.02159616,21.74733312,2857.6744186046512,Transitional indicator,1536.0,30.720000000000006,4.145584308681643,7.54,36.34295577277574,66.10066666666667,0.828757638817721,0.7330871559342245,0.20745183331625303,0.18449091742421386,7.539412803193828,12.194972635685486,0.34668217760734005,0.5607571543781772,0.29296999748031427,0.42922326590389626,0.15695344253760765,0.1071299095773274,0.2034143478874019,0.15359081492712165,75.85358697185048,63.39770373178041,9.146413028149524,21.60229626821959,36.49566241619239,39.714447892726255,11.495662416192388,14.714447892726255,34.2065,PASS_BOTH
8,40,4,150,80.0,1.0,16,15,76.0,7.272727272727273,0.0024000000000000002,40.68249600000001,69.12,0.0227328,22.8919296,3723.636363636364,Transitional indicator,2048.0,54.61333333333334,5.309278708931986,7.54,34.90850751122781,49.5755,0.8341794020588049,0.7825638909178728,0.16916244519529056,0.1592522670562316,5.905208488717463,7.89501076544621,0.2579602764774125,0.3448818384207424,0.22737407707934876,0.29169595715243457,0.19212180096628365,0.1497570196308992,0.2385827063160779,0.19621792498069346,84.64567657901947,74.05448124517336,0.3543234209805348,10.945518754826637,35.92087929538277,38.97872549808994,10.920879295382768,13.978725498089943,20.146499999999996,PASS_BOTH
8,50,2,80,80.0,1.0,26,25,76.00000000000001,3.846153846153846,0.0025,42.3776,72.0,0.02368,23.84576,1969.230769230769,Laminar indicator,1024.0,25.6,3.8280960169317804,7.54,50.33946262265291,99.151,0.7004112520397037,0.5604803877032554,0.14968554042425838,0.12057992064227713,7.535089667338556,11.955619711602418,0.3159928501896587,0.5013729783241305,0.2709353371769453,0.3943015223213986,0.15478297121088241,0.10635560382160357,0.20124387656067666,0.1528165091713978,75.31096914016916,63.20412729284945,9.689030859830837,21.79587270715055,35.48404412356746,38.41957647816635,10.484044123567458,13.419576478166348,38.418431999999996,PASS_BOTH
8,50,2,100,80.0,1.0,26,25,76.00000000000001,3.846153846153846,0.0025,42.3776,72.0,0.02368,23.84576,1969.230769230769,Laminar indicator,1024.0,20.48,3.464477657314975,7.54,45.55788119369192,99.151,0.7193977040364452,0.5604803877032554,0.19204340304947576,0.1507249008028464,8.749090540160308,14.944524639503022,0.36690340505650937,0.6267162229051632,0.3071234298148324,0.4656564115705065,0.13654502529993742,0.09005819624137217,0.18300593064973167,0.1365191015911664,70.75148266243292,59.1297753977916,14.24851733756708,25.870224602208403,35.48404412356746,38.41957647816635,10.484044123567458,13.419576478166348,48.02304000000001,PASS_BOTH
8,50,2,120,80.0,1.0,26,25,76.00000000000001,3.846153846153846,0.0025,42.3776,72.0,0.02368,23.84576,1969.230769230769,Laminar indicator,1024.0,17.066666666666666,3.183764700763548,7.54,41.86650581504066,99.151,0.7349805243769684,0.5604803877032554,0.23531392360561418,0.18086988096341572,9.85177175099448,17.933429567403632,0.4131456389309664,0.752059467486196,0.3384340739428646,0.5286052697540153,0.12391239453433293,0.07933363304112481,0.17037329988412717,0.12579453839091906,67.59332497103179,56.448634597729765,17.40667502896821,28.551365402270235,35.48404412356746,38.41957647816635,10.484044123567458,13.419576478166348,57.62764799999999,PASS_BOTH
8,50,2,150,80.0,1.0,26,25,76.00000000000001,3.846153846153846,0.0025,42.3776,72.0,0.02368,23.84576,1969.230769230769,Laminar indicator,1024.0,13.653333333333334,2.855485430269237,7.54,37.54963340804047,99.151,0.7543296972396105,0.5604803877032554,0.3016885819234481,0.22608735120426962,11.328295654617062,22.416786959254537,0.4750654059512912,0.9400743343577449,0.37815561718852786,0.6094012006315384,0.11089661131058313,0.06881538213382299,0.15735751666037737,0.11527628748361723,64.33937916509434,53.81907187090431,20.660620834905657,31.18092812909569,35.48404412356746,38.41957647816635,10.484044123567458,13.419576478166348,72.03456,PASS_BOTH
8,50,3,100,80.0,1.0,20,19,77.0,5.660377358490566,0.00285,48.310464,82.08,0.0269952,27.1841664,2898.1132075471696,Transitional indicator,1536.0,46.080000000000005,4.936052239953566,7.54,43.272724636926256,66.10066666666667,0.7289441598605486,0.6459132049972609,0.15148883197210974,0.13488264099945219,6.555334511498695,8.915832491824457,0.24114532022209426,0.32797888155306676,0.21427256399404537,0.2796217671858563,0.17167909435590611,0.13155670998733446,0.21813999970570036,0.1780176153371287,79.53499992642509,69.50440383428219,5.465000073574913,15.495596165717814,34.196529932953915,36.77155831418101,9.196529932953915,11.771558314181007,22.172373333333336,PASS_BOTH
8,50,3,120,80.0,1.0,20,19,77.0,5.660377358490566,0.00285,48.310464,82.08,0.0269952,27.1841664,2898.1132075471696,Transitional indicator,1536.0,38.400000000000006,4.564577060250209,7.54,40.016125561526835,66.10066666666667,0.7431193290274564,0.6459132049972609,0.18518863896658955,0.16185916919934262,7.410531829455309,10.698998990189347,0.27260471115477386,0.39357465786368007,0.23860630141247952,0.3253590515552922,0.15417078054541133,0.11306315148132322,0.20063168589520558,0.15952405683111745,75.1579214738014,64.88101420777937,9.842078526198605,20.118985792220627,34.196529932953915,36.77155831418101,9.196529932953915,11.771558314181007,26.606848,PASS_BOTH
8,50,3,150,80.0,1.0,20,19,77.0,5.660377358490566,0.00285,48.310464,82.08,0.0269952,27.1841664,2898.1132075471696,Transitional indicator,1536.0,30.720000000000006,4.145584308681643,7.54,36.34295577277574,66.10066666666667,0.7599712844278377,0.6459132049972609,0.23654138532835134,0.2023239614991783,8.596613105419376,13.373748737736687,0.3162360389840527,0.4919683223296002,0.27111261597635006,0.3885782660581981,0.13568575405220026,0.09466849524287631,0.1821466594019945,0.14112940059267054,70.53666485049862,60.28235014816764,14.463335149501376,24.717649851832363,34.196529932953915,36.77155831418101,9.196529932953915,11.771558314181007,33.258559999999996,PASS_BOTH
8,50,4,120,80.0,1.0,16,15,76.0,7.4074074074074066,0.003,50.853120000000004,86.4,0.028416,28.614912,3792.592592592592,Transitional indicator,2048.0,68.26666666666667,5.844425726943246,7.54,38.42709915465185,49.5755,0.7502929265296084,0.7033589910192312,0.15125624189368483,0.1422449262756924,5.812338605008632,7.051863342580589,0.2031227146534168,0.2464401547899427,0.1838219217300091,0.2184218661549625,0.19011232945629558,0.15999686460160242,0.23657323480608983,0.20645776995139667,84.14330870152246,76.61444248784917,0.8566912984775428,8.385557512150825,33.736703436306215,36.182980398471955,8.736703436306215,11.182980398471955,15.536447999999998,PASS_BOTH
8,50,4,150,80.0,1.0,16,15,76.0,7.4074074074074066,0.003,50.853120000000004,86.4,0.028416,28.614912,3792.592592592592,Transitional indicator,2048.0,54.61333333333334,5.309278708931986,7.54,34.90850751122781,49.5755,0.7668176285520657,0.7033589910192312,0.19303623085249577,0.17780615784461548,6.7386067146534545,8.814829178225734,0.23549283375931593,0.3080501934874283,0.20981867438191715,0.26512156902795436,0.1665572134995659,0.1318142989020259,0.21301811884936014,0.17827520425182014,78.25452971234003,69.56880106295503,6.74547028765997,15.431198937044968,33.736703436306215,36.182980398471955,8.736703436306215,11.182980398471955,19.42056,PASS_BOTH
10,25,2,120,80.0,1.0,26,25,76.00000000000001,3.7037037037037033,0.00125,26.486000000000004,45.0,0.0148,14.9036,2370.3703703703704,Transitional indicator,1280.0,21.333333333333336,3.529199686126092,7.54,46.408975872558116,99.151,0.9048228949955435,0.8199227669362573,0.1471523716193048,0.13390795164205618,6.829190864070022,13.277107313261512,0.458224245421913,0.8908657849956729,0.3675943537653633,0.5896996329707616,0.18253240753980823,0.11378315101335426,0.22899331288960248,0.1602440563631485,82.24832822240063,65.06101409078713,2.7516717775993698,19.938985909212875,41.77447059770793,46.47132236506616,16.774470597707932,21.471322365066158,77.68224,PASS_BOTH
10,25,2,150,80.0,1.0,26,25,76.00000000000001,3.7037037037037033,0.00125,26.486000000000004,45.0,0.0148,14.9036,2370.3703703703704,Transitional indicator,1280.0,17.066666666666666,3.183764700763548,7.54,41.86650581504066,99.151,0.9131708587562085,0.8199227669362573,0.18556831745746066,0.1673849395525702,7.769097041920088,16.596384141576888,0.5212899596017129,1.113582231244591,0.40624586509185556,0.6716194833417173,0.1651656992881893,0.09990460976054295,0.21162660463798355,0.14636551511033719,77.90665115949588,61.591378777584296,7.09334884050412,23.408621222415704,41.77447059770793,46.47132236506616,16.774470597707932,21.471322365066158,97.10279999999999,PASS_BOTH
10,30,2,80,80.0,1.0,26,25,76.00000000000001,3.75,0.0015,31.7832,54.0,0.017759999999999998,17.88432,2400.0,Transitional indicator,1280.0,32.0,4.21957095519198,7.54,55.48735806077453,99.151,0.8485661271944507,0.7630478108511957,0.10990105267386745,0.09922836679422922,6.098119060970926,9.83859179601462,0.34097572963193046,0.5501238960169926,0.28892383392274235,0.4231216669750528,0.19352817395920105,0.13214851981488465,0.2399890793089953,0.1786094251646789,84.99726982724883,69.65235629116972,0.002730172751171267,15.347643708830276,38.97872549808995,42.892768637555136,13.97872549808995,17.892768637555136,50.51733333333334,PASS_BOTH
10,30,2,100,80.0,1.0,26,25,76.00000000000001,3.75,0.0015,31.7832,54.0,0.017759999999999998,17.88432,2400.0,Transitional indicator,1280.0,25.599999999999998,3.8280960169317804,7.54,50.33946262265291,99.151,0.8602712926974744,0.7630478108511957,0.139202321660806,0.12403545849278652,7.007370068230652,12.298239745018275,0.39181641058931244,0.6876548700212407,0.3241718225312681,0.49724628953639305,0.17248538616266224,0.11244910855844088,0.21894629151245648,0.15891001390823511,79.73657287811412,64.72750347705878,5.263427121885883,20.272496522941225,38.97872549808995,42.892768637555136,13.97872549808995,17.892768637555136,63.14666666666666,PASS_BOTH
10,30,2,120,80.0,1.0,26,25,76.00000000000001,3.75,0.0015,31.7832,54.0,0.017759999999999998,17.88432,2400.0,Transitional indicator,1280.0,21.333333333333336,3.529199686126092,7.54,46.408975872558116,99.151,0.8694801239349547,0.7630478108511957,0.16876667920062352,0.14884255019134385,7.832288743113493,14.757887694021933,0.4379416574470538,0.825185844025489,0.354636566090733,0.5618464433227489,0.1576681801561717,0.09951990024477178,0.20412908550596595,0.14598080559456603,76.03227137649148,61.495201398641505,8.96772862350852,23.504798601358495,38.97872549808995,42.892768637555136,13.97872549808995,17.892768637555136,75.776,PASS_BOTH
10,30,2,150,80.0,1.0,26,25,76.00000000000001,3.75,0.0015,31.7832,54.0,0.017759999999999998,17.88432,2400.0,Transitional indicator,1280.0,17.066666666666666,3.183764700763548,7.54,41.86650581504066,99.151,0.8804297435214993,0.7630478108511957,0.21352055998403083,0.18605318773917978,8.939359766202164,18.447359617527415,0.4998434252016384,1.0314823050318611,0.39337436543648185,0.643521840625753,0.14214170242211263,0.08688889554702418,0.18860260777190688,0.13334980089681842,72.15065194297672,58.3374502242046,12.849348057023278,26.662549775795398,38.97872549808995,42.892768637555136,13.97872549808995,17.892768637555136,94.72,PASS_BOTH
10,30,3,150,80.0,1.0,20,19,77.0,5.454545454545454,0.00171,36.232848000000004,61.56,0.0202464,20.3881248,3490.9090909090905,Transitional indicator,1920.0000000000002,38.400000000000006,4.564577060250209,7.54,40.016125561526835,66.10066666666667,0.8849878153992432,0.8256279033060787,0.16784780677186378,0.15716302259509415,6.716618911009795,10.388580568884121,0.32943779660451145,0.5095407582007798,0.28067197156667867,0.3992285851848333,0.1747526102041457,0.12285733402509927,0.22121351555393995,0.16931823937489351,80.30337888848499,67.32955984372339,4.6966211115150145,17.670440156276612,37.26203991060522,40.695411085574676,12.262039910605218,15.695411085574676,44.77,PASS_BOTH
10,35,2,80,80.0,1.0,26,25,76.00000000000001,3.7837837837837838,0.0017500000000000003,37.080400000000004,63.00000000000001,0.020720000000000002,20.865040000000004,2421.6216216216217,Transitional indicator,1280.0,32.0,4.21957095519198,7.54,55.48735806077453,99.151,0.8065033140929143,0.7072322868246496,0.12142688253192833,0.10697302096166898,6.737656909252716,10.606482001370441,0.3229160792048668,0.5083374870774482,0.2759653866211339,0.39850525919829993,0.17367054411208452,0.12026706735818797,0.22013144946187876,0.1667279727079822,80.0328623654697,66.68199317699555,4.967137634530303,18.318006823004453,36.98176471264853,40.33665883219011,11.981764712648527,15.33665883219011,49.61926530612244,PASS_BOTH
10,35,2,100,80.0,1.0,26,25,76.00000000000001,3.7837837837837838,0.0017500000000000003,37.080400000000004,63.00000000000001,0.020720000000000002,20.865040000000004,2421.6216216216217,Transitional indicator,1280.0,25.599999999999998,3.8280960169317804,7.54,50.33946262265291,99.151,0.8206161255755605,0.7072322868246496,0.15435213485475205,0.13371627620208623,7.770003523247472,13.25810250171305,0.37239341612800503,0.6354218588468101,0.3109169072118584,0.47028802250809254,0.15414748358453423,0.10191001377197392,0.20060838893432847,0.14837091912176817,75.15209723358211,62.09272978044204,9.847902766417889,22.907270219557958,36.98176471264853,40.33665883219011,11.981764712648527,15.33665883219011,62.02408163265306,PASS_BOTH
10,35,2,120,80.0,1.0,26,25,76.00000000000001,3.7837837837837838,0.0017500000000000003,37.080400000000004,63.00000000000001,0.020720000000000002,20.865040000000004,2421.6216216216217,Transitional indicator,1280.0,21.333333333333336,3.529199686126092,7.54,46.408975872558116,99.151,0.8318125254803016,0.7072322868246496,0.1876678555648979,0.1604595314425035,8.709472980966067,15.909723002055664,0.4174194241164199,0.7625062306161724,0.3412554313646762,0.5335041853825734,0.14044335839266905,0.0898344570928264,0.1869042637424633,0.13629536244262064,71.72606593561582,59.07384061065516,13.273934064384179,25.92615938934484,36.98176471264853,40.33665883219011,11.981764712648527,15.33665883219011,74.42889795918367,PASS_BOTH
10,35,2,150,80.0,1.0,26,25,76.00000000000001,3.7837837837837838,0.0017500000000000003,37.080400000000004,63.00000000000001,0.020720000000000002,20.865040000000004,2421.6216216216217,Transitional indicator,1280.0,17.066666666666666,3.183764700763548,7.54,41.86650581504066,99.151,0.8452340700693782,0.7072322868246496,0.2382489011289403,0.20057441430312936,9.974649004541826,19.887153752569578,0.4780555898546959,0.9531327882702153,0.380012269003856,0.6144686584593784,0.12611976707022524,0.07799756454748862,0.17258067242001948,0.12445846989728285,68.14516810500487,56.11461747432071,16.85483189499513,28.88538252567929,36.98176471264853,40.33665883219011,11.981764712648527,15.33665883219011,93.03612244897957,PASS_BOTH
10,35,3,120,80.0,1.0,20,19,77.0,5.526315789473684,0.0019950000000000002,42.27165600000001,71.82000000000001,0.0236208,23.7861456,3536.8421052631575,Transitional indicator,1920.0000000000002,48.00000000000001,5.023224310423161,7.54,44.03693312137638,66.10066666666667,0.8387548995875005,0.7792244794610012,0.1477508231307001,0.1377497125494482,6.5064931168349505,9.105347832660227,0.27354129694871415,0.3828004749395054,0.2393190780938116,0.31805104838155984,0.17567040633937123,0.13218406261333077,0.22213131168916547,0.178644967963125,80.53282792229137,69.66124199078125,4.467172077708625,15.33875800921875,35.5103199233759,38.45320950192115,10.510319923375903,13.453209501921151,34.89175510204082,PASS_BOTH
10,35,3,150,80.0,1.0,20,19,77.0,5.526315789473684,0.0019950000000000002,42.27165600000001,71.82000000000001,0.0236208,23.7861456,3536.8421052631575,Transitional indicator,1920.0000000000002,38.400000000000006,4.564577060250209,7.54,40.016125561526835,66.10066666666667,0.8508563378919215,0.7792244794610012,0.18722983095730353,0.17218714068681026,7.492212424450902,11.381684790825283,0.3149821980594831,0.4785005936743817,0.2701981339571745,0.38028810453382356,0.15559426365308282,0.1105511300308484,0.20205516900287707,0.15701203538064265,75.51379225071926,64.25300884516066,9.486207749280737,20.746991154839336,35.5103199233759,38.45320950192115,10.510319923375903,13.453209501921151,43.61469387755102,PASS_BOTH
10,35,4,150,80.0,1.0,16,15,76.0,7.179487179487179,0.0021000000000000003,44.49648000000001,75.60000000000002,0.024864000000000004,25.038048000000003,4594.871794871794,Turbulent indicator,2560.0,68.26666666666667,5.844425726943246,7.54,38.42709915465185,49.5755,0.8557587003248687,0.8227630758826474,0.15276746165457794,0.14722419674828477,5.870410396604941,7.298713165894592,0.2344595871293537,0.29150487952953,0.20900180024661397,0.2528616320896534,0.19109507985912894,0.15794889631443873,0.23755598520892318,0.20440980166423298,84.3889963022308,76.10245041605825,0.6110036977692062,8.897549583941753,34.9848039272071,37.78054902682509,9.984803927207103,12.780549026825092,25.84147959183674,PASS_BOTH
10,40,2,80,80.0,1.0,26,25,76.00000000000001,3.8095238095238093,0.002,42.3776,72.0,0.02368,23.84576,2438.095238095238,Transitional indicator,1280.0,32.0,4.21957095519198,7.54,55.48735806077453,99.151,0.7639188948669038,0.654290812917016,0.1311161041058528,0.11287399126939147,7.275286216055244,11.191569108351434,0.30509768680282134,0.46933161737564394,0.26294862931713814,0.3745798514245894,0.15948429395952962,0.11195523820830085,0.20594519930932387,0.15841614355809508,76.48629982733097,64.60403588952377,8.513700172669033,20.39596411047623,35.48404412356746,38.41957647816635,10.484044123567458,13.419576478166348,48.951,PASS_BOTH
10,40,2,100,80.0,1.0,26,25,76.00000000000001,3.8095238095238093,0.002,42.3776,72.0,0.02368,23.84576,2438.095238095238,Transitional indicator,1280.0,25.599999999999998,3.8280960169317804,7.54,50.33946262265291,99.151,0.780090345849224,0.654290812917016,0.16725879193663862,0.14109248908673933,8.4197177050045,13.98946138543929,0.35309076770899733,0.5866645217195547,0.29748657505089426,0.443820681655115,0.1409682991143226,0.0944890092500414,0.18742920446411684,0.14094991459983564,71.85730111602922,60.23747864995891,13.14269888397078,24.76252135004109,35.48404412356746,38.41957647816635,10.484044123567458,13.419576478166348,61.18875,PASS_BOTH
10,40,2,120,80.0,1.0,26,25,76.00000000000001,3.8095238095238093,0.002,42.3776,72.0,0.02368,23.84576,2438.095238095238,Transitional indicator,1280.0,21.333333333333336,3.529199686126092,7.54,46.408975872558116,99.151,0.7930293004783324,0.654290812917016,0.2039401133993918,0.1693109869040872,9.46465180219914,16.78735366252715,0.3969113084338323,0.7039974260634658,0.3276063413651884,0.5053957969547533,0.1280078289068369,0.08297689998008485,0.17446873425663115,0.12943780532987909,68.61718356415778,57.359451332469774,16.382816435842216,27.640548667530226,35.48404412356746,38.41957647816635,10.484044123567458,13.419576478166348,73.42649999999999,PASS_BOTH
10,40,2,150,80.0,1.0,26,25,76.00000000000001,3.8095238095238093,0.002,42.3776,72.0,0.02368,23.84576,2438.095238095238,Transitional indicator,1280.0,17.066666666666666,3.183764700763548,7.54,41.86650581504066,99.151,0.808669238280081,0.654290812917016,0.25980480234338527,0.211638733630109,10.87711926808483,20.984192078158937,0.45614479337562863,0.8799967825793323,0.36627792830277317,0.5852157537851591,0.11449277516827196,0.07165934311068665,0.1609536805180662,0.11812024846048089,65.23842012951656,54.53006211512022,19.761579870483445,30.469937884879783,35.48404412356746,38.41957647816635,10.484044123567458,13.419576478166348,91.78312499999998,PASS_BOTH
10,40,3,100,80.0,1.0,20,19,77.0,5.5813953488372094,0.00228,48.310464,82.08,0.0269952,27.1841664,3572.093023255814,Transitional indicator,1920.0000000000002,57.6,5.432117145212499,7.54,47.6215603063629,66.10066666666667,0.7889805736841975,0.7330871559342245,0.1319368917894716,0.12299394494947591,6.283040648986399,8.129981757123657,0.23112868559347838,0.29907048233502787,0.2063626702271375,0.2584928555618272,0.17825956453910108,0.14231000563579219,0.22472046988889532,0.18877091098558643,81.18011747222383,72.1927277463966,3.8198825277761728,12.8072722536034,34.196529932953915,36.77155831418101,9.196529932953915,11.771558314181007,28.50541666666667,PASS_BOTH
10,40,3,120,80.0,1.0,20,19,77.0,5.5813953488372094,0.00228,48.310464,82.08,0.0269952,27.1841664,3572.093023255814,Transitional indicator,1920.0000000000002,48.00000000000001,5.023224310423161,7.54,44.03693312137638,66.10066666666667,0.8011013871168459,0.7330871559342245,0.16065146632643443,0.1475927339393711,7.074597878468242,9.75597810854839,0.26024700461178174,0.3588845788020335,0.22913884397456397,0.3015450367920953,0.16054074068689625,0.12199212470268044,0.2070016460366905,0.16845303005247467,76.75041150917262,67.11325751311867,8.249588490827378,17.88674248688133,34.196529932953915,36.77155831418101,9.196529932953915,11.771558314181007,34.20649999999999,PASS_BOTH
10,40,3,150,80.0,1.0,20,19,77.0,5.5813953488372094,0.00228,48.310464,82.08,0.0269952,27.1841664,3572.093023255814,Transitional indicator,1920.0000000000002,38.400000000000006,4.564577060250209,7.54,40.016125561526835,66.10066666666667,0.8152632836103297,0.7330871559342245,0.20421318806647912,0.18449091742421386,8.171820574987922,12.194972635685486,0.3006095700984203,0.4486057235025418,0.2596332223469102,0.36148219836737605,0.14168494847960442,0.1017646785871036,0.18814585382939866,0.14822558393689783,72.03646345734967,62.05639598422446,12.963536542650331,22.94360401577554,34.196529932953915,36.77155831418101,9.196529932953915,11.771558314181007,42.758125,PASS_BOTH
10,40,4,150,80.0,1.0,16,15,76.0,7.272727272727273,0.0024000000000000002,50.853120000000004,86.4,0.028416,28.614912,4654.545454545455,Turbulent indicator,2560.0,68.26666666666667,5.844425726943246,7.54,38.42709915465185,49.5755,0.8210336707138223,0.7825638909178728,0.16663846477705388,0.1592522670562316,6.403432808966809,7.89501076544621,0.22377957370502516,0.2759054707365939,0.20050865613715907,0.24111533582095057,0.17429079830508315,0.1449381625861242,0.2207517036548774,0.19139906793591843,80.18792591371934,72.8497669839796,4.81207408628066,12.150233016020394,33.736703436306215,36.182980398471955,8.736703436306215,11.182980398471955,25.18312499999999,PASS_BOTH
10,50,2,80,80.0,1.0,26,25,76.00000000000001,3.846153846153846,0.0025,52.97200000000001,90.0,0.0296,29.8072,2461.5384615384614,Transitional indicator,1280.0,32.0,4.21957095519198,7.54,55.48735806077453,99.151,0.6813402653176213,0.5604803877032554,0.14571877518606524,0.12057992064227713,8.08554985492671,11.955619711602418,0.2712616366155395,0.40109838265930436,0.23758300589431736,0.33041581767515904,0.14120934731476228,0.10153551797692316,0.18767025266455653,0.1479964233267174,71.91756316613913,61.99910583167935,13.082436833860868,23.00089416832065,33.387235298853966,35.73566118253308,8.387235298853966,10.735661182533079,48.02304,PASS_BOTH
10,50,2,100,80.0,1.0,26,25,76.00000000000001,3.846153846153846,0.0025,52.97200000000001,90.0,0.0296,29.8072,2461.5384615384614,Transitional indicator,1280.0,25.599999999999998,3.8280960169317804,7.54,50.33946262265291,99.151,0.7004112520397037,0.5604803877032554,0.18710692553032296,0.1507249008028464,9.418862084173194,14.944524639503022,0.3159928501896586,0.5013729783241304,0.2709353371769452,0.3943015223213986,0.12382637696870598,0.08508448305728283,0.1702872823185002,0.13154538840707708,67.57182057962505,57.88634710176927,17.428179420374946,27.113652898230733,33.387235298853966,35.73566118253308,8.387235298853966,10.735661182533079,60.02880000000001,PASS_BOTH
10,50,2,120,80.0,1.0,26,25,76.00000000000001,3.846153846153846,0.0025,52.97200000000001,90.0,0.0296,29.8072,2461.5384615384614,Transitional indicator,1280.0,21.333333333333336,3.529199686126092,7.54,46.408975872558116,99.151,0.715922568651664,0.5604803877032554,0.22936784141931923,0.18086988096341572,10.644726618369923,17.933429567403632,0.3571193073609706,0.6016475739889567,0.3003109852952045,0.45209182721674257,0.11171399928123639,0.07420824526281866,0.15817490463103062,0.12066915061261291,64.54372615775765,55.167287653153224,20.456273842242354,29.832712346846776,33.387235298853966,35.73566118253308,8.387235298853966,10.735661182533079,72.03455999999998,PASS_BOTH
10,50,2,150,80.0,1.0,26,25,76.00000000000001,3.846153846153846,0.0025,52.97200000000001,90.0,0.0296,29.8072,2461.5384615384614,Transitional indicator,1280.0,17.066666666666666,3.183764700763548,7.54,41.86650581504066,99.151,0.7349805243769684,0.5604803877032554,0.2941424045070177,0.22608735120426962,12.314714688743098,22.416786959254537,0.4131456389309663,0.7520594674861958,0.3384340739428645,0.5286052697540152,0.09912991562746637,0.06346690643289986,0.14559082097726062,0.10992781178269409,61.397705244315155,52.48195294567353,23.602294755684845,32.51804705432647,33.387235298853966,35.73566118253308,8.387235298853966,10.735661182533079,90.04319999999998,PASS_BOTH
10,50,3,80,80.0,1.0,20,19,77.0,5.660377358490566,0.00285,60.38808,102.60000000000001,0.033743999999999996,33.980208,3622.6415094339623,Transitional indicator,1920.0000000000002,72.0,5.980376667289069,7.54,52.42796878323417,66.10066666666667,0.6925111783709653,0.6459132049972609,0.11536178853935447,0.10790611279956176,6.0481842483193375,7.1326659934595655,0.17799138393500527,0.20990648419396274,0.1630503653298483,0.18933994804621634,0.18048960347876766,0.155428878528419,0.2269505088285619,0.20188978387821324,81.73762720714048,75.47244596955332,3.262372792859523,9.52755403044668,32.35722394636313,34.41724665134481,7.357223946363128,9.417246651344811,22.172373333333336,PASS_BOTH
10,50,3,100,80.0,1.0,20,19,77.0,5.660377358490566,0.00285,60.38808,102.60000000000001,0.033743999999999996,33.980208,3622.6415094339623,Transitional indicator,1920.0000000000002,57.6,5.432117145212499,7.54,47.6215603063629,66.10066666666667,0.7110443947959325,0.6459132049972609,0.14790887895918653,0.13488264099945219,7.043651599201432,8.915832491824457,0.20728688886193494,0.2623831052424534,0.1872135628398638,0.23078372353652,0.15719425098824177,0.1275172067357497,0.20365515633803602,0.17397811208554395,75.913789084509,68.49452802138599,9.086210915490994,16.50547197861401,32.35722394636313,34.41724665134481,7.357223946363128,9.417246651344811,27.715466666666664,PASS_BOTH
10,50,3,120,80.0,1.0,20,19,77.0,5.660377358490566,0.00285,60.38808,102.60000000000001,0.033743999999999996,33.980208,3622.6415094339623,Transitional indicator,1920.0000000000002,48.00000000000001,5.023224310423161,7.54,44.03693312137638,66.10066666666667,0.7257159776633972,0.6459132049972609,0.18101183463921533,0.16185916919934262,7.971206056184766,10.698998990189347,0.23458379231182946,0.31485972629094405,0.20910004022126905,0.27010874835846266,0.14074074665079428,0.10895202752336361,0.18720165200058853,0.15541293287315786,71.80041300014713,63.85323321828946,13.199586999852869,21.14676678171054,32.35722394636313,34.41724665134481,7.357223946363128,9.417246651344811,33.258559999999996,PASS_BOTH
10,50,3,150,80.0,1.0,20,19,77.0,5.660377358490566,0.00285,60.38808,102.60000000000001,0.033743999999999996,33.980208,3622.6415094339623,Transitional indicator,1920.0000000000002,38.400000000000006,4.564577060250209,7.54,40.016125561526835,66.10066666666667,0.7431193290274564,0.6459132049972609,0.23148579870823693,0.2023239614991783,9.263164786819136,13.373748737736687,0.27260471115477386,0.3935746578636802,0.23860630141247952,0.3253590515552923,0.12333662443632908,0.09045052118505853,0.1697975297861233,0.13691142653485278,67.44938244653082,59.227856633713195,17.55061755346918,25.772143366286805,32.35722394636313,34.41724665134481,7.357223946363128,9.417246651344811,41.57319999999999,PASS_BOTH
10,50,4,120,80.0,1.0,16,15,76.0,7.4074074074074066,0.003,63.5664,108.0,0.035519999999999996,35.76864,4740.740740740741,Turbulent indicator,2560.0,85.33333333333334,6.437391992400261,7.54,42.32585235003172,49.5755,0.7329948376543761,0.7033589910192312,0.14793500882964022,0.1422449262756924,6.26147534112399,7.051863342580589,0.17505489001326274,0.19715212383195416,0.16058905577321358,0.17893427985187094,0.1740931277138951,0.15624424240745935,0.22055403306368934,0.2027051477572536,80.13850826592233,75.6762869393134,4.861491734077674,9.3237130606866,31.989362749044975,33.94638431877757,6.989362749044975,8.946384318777568,19.42056,PASS_BOTH
10,50,4,150,80.0,1.0,16,15,76.0,7.4074074074074066,0.003,63.5664,108.0,0.035519999999999996,35.76864,4740.740740740741,Turbulent indicator,2560.0,68.26666666666667,5.844425726943246,7.54,38.42709915465185,49.5755,0.7502929265296084,0.7033589910192312,0.18907030236710604,0.17780615784461548,7.26542325626079,8.814829178225734,0.2031227146534168,0.24644015478994266,0.1838219217300091,0.2184218661549624,0.15208986356503645,0.12799749168128202,0.1985507689148307,0.17445839703107627,74.63769222870768,68.61459925776907,10.362307771292322,16.385400742230928,31.989362749044975,33.94638431877757,6.989362749044975,8.946384318777568,24.275699999999997,PASS_BOTH
10,50,5,150,80.0,1.0,13,12,73.0,9.09090909090909,0.003,63.5664,108.0,0.035519999999999996,35.76864,5818.181818181818,Turbulent indicator,3200.0000000000005,106.6666666666667,7.096044931846933,7.54,37.32519634151487,39.6604,0.7553710263933712,0.7447101870035424,0.1562973501467074,0.15421848646569078,5.833829281884351,6.116366860623883,0.1630989962683611,0.17099802678055087,0.15049291377972485,0.15717676345481835,0.18577254100549193,0.17787267266268958,0.23223344635528617,0.22433357801248383,83.05836158882154,81.08339450312096,1.9416384111784595,3.9166054968790434,31.989362749044975,33.94638431877757,6.989362749044975,8.946384318777568,16.117199999999997,PASS_BOTH
12,25,2,100,80.0,1.0,26,25,76.00000000000001,3.7037037037037033,0.00125,31.7832,54.0,0.017759999999999998,17.88432,2844.444444444444,Transitional indicator,1536.0,30.72,4.145584308681642,7.54,54.5144336591636,99.151,0.8903794755596912,0.8199227669362573,0.12074933182275986,0.11158995970171345,6.582581439040175,11.06425609438459,0.36806439602065805,0.6186567951358838,0.307927386468578,0.4613325073232838,0.18158469967095814,0.12120303924990226,0.22804560502075238,0.1676639445996965,82.0114012551881,66.91598614992412,2.9885987448118954,18.084013850075877,38.97872549808995,42.892768637555136,13.97872549808995,17.892768637555136,77.68224000000002,PASS_BOTH
12,25,2,120,80.0,1.0,26,25,76.00000000000001,3.7037037037037033,0.00125,31.7832,54.0,0.017759999999999998,17.88432,2844.444444444444,Transitional indicator,1536.0,25.6,3.8280960169317804,7.54,50.33946262265291,99.151,0.8977480997656261,0.8199227669362573,0.1460487035634377,0.13390795164205618,7.352013254118586,13.277107313261512,0.4110871005505709,0.7423881541630608,0.33707081241123227,0.5240241465877993,0.16588473381119287,0.10670291122356011,0.21234563916098712,0.15316381657335434,78.08640979024678,63.29095414333859,6.913590209753224,21.70904585666141,38.97872549808995,42.892768637555136,13.97872549808995,17.892768637555136,93.218688,PASS_BOTH
12,25,2,150,80.0,1.0,26,25,76.00000000000001,3.7037037037037033,0.00125,31.7832,54.0,0.017759999999999998,17.88432,2844.444444444444,Transitional indicator,1536.0,20.48,3.464477657314975,7.54,45.55788119369192,99.151,0.9063728265540683,0.8199227669362573,0.1842427011780433,0.1673849395525702,8.39370709107418,16.596384141576888,0.4693333093499882,0.927985192703826,0.37458090961853996,0.6046505385606735,0.14927322924518915,0.09247474107186134,0.1957341345949834,0.13893564642165557,73.93353364874585,59.733911605413894,11.06646635125415,25.266088394586106,38.97872549808995,42.892768637555136,13.97872549808995,17.892768637555136,116.52336000000001,PASS_BOTH
12,25,3,150,80.0,1.0,20,19,77.0,5.357142857142857,0.001425,36.232848000000004,61.56,0.0202464,20.3881248,4114.285714285714,Turbulent indicator,2304.0,46.08,4.936052239953566,7.54,43.272724636926256,66.10066666666667,0.9105665554110121,0.8706826697340149,0.14513498331165184,0.13915240046010224,6.280386168029998,9.198066438679732,0.3080413833855872,0.45114823108595703,0.26511509464561667,0.36310357266851767,0.18500704272604424,0.13508035539820376,0.23146794807583848,0.181541260747998,82.86698701895962,70.38531518699949,2.1330129810403804,14.614684813000508,37.26203991060522,40.695411085574676,12.262039910605218,15.695411085574676,55.69536,PASS_BOTH
12,30,2,80,80.0,1.0,26,25,76.00000000000001,3.75,0.0015,38.13984000000001,64.80000000000001,0.021312,21.461184,2880.0,Transitional indicator,1536.0,38.4,4.564577060250209,7.54,60.02418834229025,99.151,0.8385702255816895,0.7630478108511957,0.10865356415259485,0.09922836679422922,6.52184199875647,9.83859179601462,0.3038901301417699,0.4584365800141605,0.2620580604269537,0.36772862110508675,0.17780697752392916,0.1267123334601253,0.2242678828737234,0.17317323880991956,81.06697071843085,68.29330970247989,3.933029281569148,16.70669029752011,36.64893791507495,39.91064053129594,11.648937915074953,14.91064053129594,60.620799999999996,PASS_BOTH
12,30,2,100,80.0,1.0,26,25,76.00000000000001,3.75,0.0015,38.13984000000001,64.80000000000001,0.021312,21.461184,2880.0,Transitional indicator,1536.0,30.72,4.145584308681642,7.54,54.5144336591636,99.151,0.8507482325000952,0.7630478108511957,0.13771672427001486,0.12403545849278652,7.5075492289750505,12.298239745018275,0.3498198994507969,0.5730457250177006,0.29518498413992056,0.4361943759065906,0.1578527166483949,0.10682336644862686,0.20431362199818914,0.1532842717984211,76.07840549954729,63.32106794960528,8.921594500452713,21.67893205039472,36.64893791507495,39.91064053129594,11.648937915074953,14.91064053129594,75.776,PASS_BOTH
12,30,2,120,80.0,1.0,26,25,76.00000000000001,3.75,0.0015,38.13984000000001,64.80000000000001,0.021312,21.461184,2880.0,Transitional indicator,1536.0,25.6,3.8280960169317804,7.54,50.33946262265291,99.151,0.8602712926974744,0.7630478108511957,0.1670427859929672,0.14884255019134385,8.408844081876781,14.757887694021933,0.3918164105893124,0.6876548700212408,0.324171822531268,0.49724628953639305,0.14373782180221858,0.0937075904653674,0.19019872715201283,0.14016849581516164,72.5496817880032,60.04212395379041,12.450318211996802,24.95787604620959,36.64893791507495,39.91064053129594,11.648937915074953,14.91064053129594,90.93119999999999,PASS_BOTH
12,30,2,150,80.0,1.0,26,25,76.00000000000001,3.75,0.0015,38.13984000000001,64.80000000000001,0.021312,21.461184,2880.0,Transitional indicator,1536.0,20.48,3.464477657314975,7.54,45.55788119369192,99.151,0.8715062213841201,0.7630478108511957,0.21143245580388412,0.18605318773917978,9.63241470200387,18.447359617527415,0.4488296033435933,0.859568587526551,0.36162513363055504,0.5766553208972154,0.12885097667990955,0.08080347127951877,0.1753118820297038,0.127264376629313,68.82797050742596,56.81609415732825,16.17202949257404,28.18390584267175,36.64893791507495,39.91064053129594,11.648937915074953,14.91064053129594,113.66399999999999,PASS_BOTH
12,30,3,120,80.0,1.0,20,19,77.0,5.454545454545454,0.00171,43.479417600000005,73.872,0.02429568,24.46574976,4189.090909090908,Turbulent indicator,2304.0,57.6,5.432117145212499,7.54,47.6215603063629,66.10066666666667,0.8666133593959685,0.8256279033060787,0.13163232375301945,0.12573041807607532,6.268536643871101,8.310864455107296,0.25621682169412907,0.3396938388005198,0.22602586378539213,0.2880117274194325,0.1808353508052191,0.141915979376631,0.22729625615501334,0.18837688472642525,81.82406403875333,72.09422118160631,3.1759359612466653,12.905778818393685,35.218366592171016,38.0795092379789,10.218366592171016,13.079509237978897,42.979200000000006,PASS_BOTH
12,30,3,150,80.0,1.0,20,19,77.0,5.454545454545454,0.00171,43.479417600000005,73.872,0.02429568,24.46574976,4189.090909090908,Turbulent indicator,2304.0,46.08,4.936052239953566,7.54,43.272724636926256,66.10066666666667,0.8770040255677174,0.8256279033060787,0.16641072460218911,0.15716302259509415,7.201045462341899,10.388580568884121,0.2943316895243965,0.4246172985006498,0.2549706679693421,0.34597996831134126,0.16030654307890316,0.11813824530992137,0.2067674484286974,0.16459915065971562,76.69186210717436,66.14978766492891,8.308137892825641,18.85021233507109,35.218366592171016,38.0795092379789,10.218366592171016,13.079509237978897,53.724000000000004,PASS_BOTH
12,35,2,80,80.0,1.0,26,25,76.00000000000001,3.7837837837837838,0.0017500000000000003,44.49648000000001,75.60000000000002,0.024864000000000004,25.038048000000003,2905.945945945946,Transitional indicator,1536.0,38.4,4.564577060250209,7.54,60.02418834229025,99.151,0.7945550361745678,0.7072322868246496,0.11968721326701708,0.10697302096166898,7.184127831303294,10.606482001370441,0.28692843113421995,0.42361457256454016,0.24943455596759967,0.34532383655764454,0.16011901620405924,0.11565728015465682,0.2065799215538535,0.16211818550445106,76.64498038846338,65.52954637611276,8.355019611536619,19.470453623887238,34.9848039272071,37.78054902682509,9.984803927207103,12.780549026825092,59.543118367346935,PASS_BOTH
12,35,2,100,80.0,1.0,26,25,76.00000000000001,3.7837837837837838,0.0017500000000000003,44.49648000000001,75.60000000000002,0.024864000000000004,25.038048000000003,2905.945945945946,Transitional indicator,1536.0,30.72,4.145584308681642,7.54,54.5144336591636,99.151,0.8091242690539511,0.7072322868246496,0.15226061696781912,0.13371627620208623,8.300401302595494,13.25810250171305,0.3315115180942018,0.5295182157056751,0.2821621119552974,0.41111138136837344,0.14154705403947337,0.09714937975176408,0.18800795938926762,0.14361028510155832,72.0019898473169,60.90257127538958,12.998010152683094,24.097428724610417,34.9848039272071,37.78054902682509,9.984803927207103,12.780549026825092,74.42889795918367,PASS_BOTH
12,35,2,120,80.0,1.0,26,25,76.00000000000001,3.7837837837837838,0.0017500000000000003,44.49648000000001,75.60000000000002,0.024864000000000004,25.038048000000003,2905.945945945946,Transitional indicator,1536.0,25.6,3.8280960169317804,7.54,50.33946262265291,99.151,0.8206161255755605,0.7072322868246496,0.18522256182570246,0.1604595314425035,9.324004227896967,15.909723002055664,0.37239341612800514,0.6354218588468104,0.3109169072118584,0.47028802250809265,0.1284562363204452,0.08492501147664493,0.17491714167023945,0.13138591682643916,68.72928541755986,57.84647920660979,16.270714582440135,27.153520793390207,34.9848039272071,37.78054902682509,9.984803927207103,12.780549026825092,89.3146775510204,PASS_BOTH
12,35,2,150,80.0,1.0,26,25,76.00000000000001,3.7837837837837838,0.0017500000000000003,44.49648000000001,75.60000000000002,0.024864000000000004,25.038048000000003,2905.945945945946,Transitional indicator,1536.0,20.48,3.464477657314975,7.54,45.55788119369192,99.151,0.8342870783792978,0.7072322868246496,0.23526037239754832,0.20057441430312936,10.717964095271224,19.887153752569578,0.4280670799605154,0.7942773235585129,0.3482323072187843,0.5480923000074124,0.1146912991152649,0.0728695070306375,0.16115220446505915,0.11933041238043174,65.2880511162648,54.832603095107935,19.711948883735204,30.167396904892065,34.9848039272071,37.78054902682509,9.984803927207103,12.780549026825092,111.6433469387755,PASS_BOTH
12,35,3,100,80.0,1.0,20,19,77.0,5.526315789473684,0.0019950000000000002,50.725987200000006,86.18400000000001,0.028344960000000002,28.543374720000003,4244.210526315789,Turbulent indicator,2304.0,69.11999999999999,5.875846552940583,7.54,51.51158811411245,66.10066666666667,0.8173489860530052,0.7792244794610012,0.12012885804742074,0.11479142712454017,6.18802825635742,7.587789860550188,0.2167938555640214,0.2658336631524343,0.19490408175633633,0.23343337482717486,0.17975200636580493,0.15008307946764024,0.22621291171559918,0.1965439848174345,81.55322792889979,74.13599620435862,3.446772071100213,10.86400379564138,33.75859993614658,36.211007918267626,8.758599936146581,11.211007918267626,34.891755102040825,PASS_BOTH
12,35,3,120,80.0,1.0,20,19,77.0,5.526315789473684,0.0019950000000000002,50.725987200000006,86.18400000000001,0.028344960000000002,28.543374720000003,4244.210526315789,Turbulent indicator,2304.0,57.6,5.432117145212499,7.54,47.6215603063629,66.10066666666667,0.8283181278751538,0.7792244794610012,0.14599744548302587,0.1377497125494482,6.952626154644847,9.105347832660227,0.24358108397649364,0.31900039578292116,0.2161840814559537,0.273124738378533,0.1620581844353993,0.1282725246807594,0.20851908978519354,0.17473343003055364,77.12977244629838,68.68335750763842,7.870227553701625,16.31664249236158,33.75859993614658,36.211007918267626,8.758599936146581,11.211007918267626,41.87010612244898,PASS_BOTH
12,35,3,150,80.0,1.0,20,19,77.0,5.526315789473684,0.0019950000000000002,50.725987200000006,86.18400000000001,0.028344960000000002,28.543374720000003,4244.210526315789,Turbulent indicator,2304.0,46.08,4.936052239953566,7.54,43.272724636926256,66.10066666666667,0.841022196551129,0.7792244794610012,0.1851646612757371,0.17218714068681026,8.012579399874694,11.381684790825283,0.2807159096804477,0.3987504947286514,0.24475713780765607,0.3288418620422514,0.14313944041999027,0.10653874639623867,0.18960034576978452,0.15299965174603292,72.40008644244614,63.24991293650823,12.599913557553862,21.75008706349177,33.75859993614658,36.211007918267626,8.758599936146581,11.211007918267626,52.33763265306123,PASS_BOTH
12,35,4,150,80.0,1.0,16,15,76.0,7.179487179487179,0.0021000000000000003,53.39577600000001,90.72000000000001,0.029836800000000004,30.045657600000002,5513.846153846152,Turbulent indicator,3072.0,81.92,6.324245330098569,7.54,41.58191304539809,49.5755,0.8460928232849806,0.8227630758826474,0.15114359431187677,0.14722419674828477,6.284839796045385,7.298713165894592,0.2091763102580715,0.24292073294127506,0.18874780904948896,0.21566631686834647,0.17633412501562032,0.1543248859657321,0.22279503036541456,0.20078579131552635,80.69875759135364,75.19644782888159,4.30124240864636,9.803552171118412,33.320669939339254,35.650457522354245,8.320669939339254,10.650457522354245,31.009775510204086,PASS_BOTH
12,40,2,80,80.0,1.0,26,25,76.00000000000001,3.8095238095238093,0.002,50.853120000000004,86.4,0.028416,28.614912,2925.7142857142853,Transitional indicator,1536.0,38.4,4.564577060250209,7.54,60.02418834229025,99.151,0.750346022557806,0.654290812917016,0.12885757815361892,0.11287399126939147,7.734571540424208,11.191569108351434,0.2702986310223218,0.3911096811463699,0.23684844042607056,0.32369402604334474,0.14754926687445552,0.10796249214851207,0.19401017222424977,0.1544233974983063,73.50254305606245,63.60584937457658,11.49745694393755,21.39415062542342,33.736703436306215,36.182980398471955,8.736703436306215,11.182980398471955,58.74119999999999,PASS_BOTH
12,40,2,100,80.0,1.0,26,25,76.00000000000001,3.8095238095238093,0.002,50.853120000000004,86.4,0.028416,28.614912,2925.7142857142853,Transitional indicator,1536.0,30.72,4.145584308681642,7.54,54.5144336591636,99.151,0.7669106566999015,0.654290812917016,0.16451741659357955,0.14109248908673933,8.968573792667673,13.98946138543929,0.31342307789266216,0.48888710143296227,0.26905939766736187,0.3866914352564559,0.12988512591717616,0.09037390166670733,0.1763460312669704,0.13683480701650158,69.0865078167426,59.20870175412539,15.913492183257404,25.791298245874607,33.736703436306215,36.182980398471955,8.736703436306215,11.182980398471955,73.42649999999999,PASS_BOTH
12,40,2,120,80.0,1.0,26,25,76.00000000000001,3.8095238095238093,0.002,50.853120000000004,86.4,0.028416,28.614912,2925.7142857142853,Transitional indicator,1536.0,25.6,3.8280960169317804,7.54,50.33946262265291,99.151,0.780090345849224,0.654290812917016,0.2007105503239663,0.1693109869040872,10.103661246005398,16.78735366252715,0.3530907677089973,0.5866645217195547,0.29748657505089426,0.443820681655115,0.11747358259526884,0.07874084104170116,0.16393448794506307,0.1252017463914954,65.98362198626577,56.30043659787385,19.016378013734226,28.699563402126152,33.736703436306215,36.182980398471955,8.736703436306215,11.182980398471955,88.1118,PASS_BOTH
12,40,2,150,80.0,1.0,26,25,76.00000000000001,3.8095238095238093,0.002,50.853120000000004,86.4,0.028416,28.614912,2925.7142857142853,Transitional indicator,1536.0,20.48,3.464477657314975,7.54,45.55788119369192,99.151,0.7959021833895797,0.654290812917016,0.2558214812175489,0.211638733630109,11.65468464810338,20.984192078158937,0.40729409365660046,0.7333306521494435,0.33455154264907905,0.5196934111216387,0.10445868361121743,0.06724505833121919,0.15091958896101168,0.11370596368101343,62.72989724025292,53.42649092025336,22.270102759747083,31.573509079746643,33.736703436306215,36.182980398471955,8.736703436306215,11.182980398471955,110.13974999999999,PASS_BOTH
12,40,3,80,80.0,1.0,20,19,77.0,5.5813953488372094,0.00228,57.9725568,98.496,0.03239424,32.62099968,4286.511627906976,Turbulent indicator,2304.0,86.39999999999999,6.472257204427381,7.54,56.740121492146706,66.10066666666667,0.7601094890309495,0.7330871559342245,0.10185401459596154,0.09839515595958073,5.779209162637741,6.503985405698926,0.17716223350999835,0.19938032155668525,0.16235612040758995,0.1807617398941146,0.18881394615462832,0.16958843057424644,0.23527485150442257,0.2160493359240407,83.81871287610565,79.01233398101017,1.18128712389435,5.987666018989827,32.663774944128264,34.80963192848417,7.663774944128264,9.809631928484173,27.3652,PASS_BOTH
12,40,3,100,80.0,1.0,20,19,77.0,5.5813953488372094,0.00228,57.9725568,98.496,0.03239424,32.62099968,4286.511627906976,Turbulent indicator,2304.0,69.11999999999999,5.875846552940583,7.54,51.51158811411245,66.10066666666667,0.7763330377579712,0.7330871559342245,0.12991328604127542,0.12299394494947591,6.692039681109054,8.129981757123657,0.2051451441327826,0.24922540194585655,0.1854709162862509,0.22059572565605456,0.16528251647390782,0.13896506691298927,0.21174342182370207,0.1854259722627835,77.93585545592552,71.35649306569587,7.06414454407448,13.643506934304128,32.663774944128264,34.80963192848417,7.663774944128264,9.809631928484173,34.206500000000005,PASS_BOTH
12,40,3,120,80.0,1.0,20,19,77.0,5.5813953488372094,0.00228,57.9725568,98.496,0.03239424,32.62099968,4286.511627906976,Turbulent indicator,2304.0,57.6,5.432117145212499,7.54,47.6215603063629,66.10066666666667,0.7889805736841975,0.7330871559342245,0.15832427014736594,0.1475927339393711,7.539648778783679,9.75597810854839,0.2311286855934784,0.2990704823350279,0.2063626702271375,0.2584928555618272,0.1485496371159176,0.11859167136316016,0.19501054246571184,0.1650525767129544,73.75263561642797,66.2631441782386,11.247364383572034,18.736855821761395,32.663774944128264,34.80963192848417,7.663774944128264,9.809631928484173,41.0478,PASS_BOTH
12,40,3,150,80.0,1.0,20,19,77.0,5.5813953488372094,0.00228,57.9725568,98.496,0.03239424,32.62099968,4286.511627906976,Turbulent indicator,2304.0,46.08,4.936052239953566,7.54,43.272724636926256,66.10066666666667,0.8037458672855794,0.7330871559342245,0.20144900814853905,0.18449091742421386,8.717247457993643,12.194972635685486,0.26722809060134983,0.37383810291878483,0.23450155145025398,0.3119116977003993,0.1307245073089253,0.09828134052849215,0.17718541265871954,0.14474224587828638,69.29635316467989,61.185561469571596,15.703646835320114,23.814438530428404,32.663774944128264,34.80963192848417,7.663774944128264,9.809631928484173,51.30975000000001,PASS_BOTH
12,40,4,120,80.0,1.0,16,15,76.0,7.272727272727273,0.0024000000000000002,61.02374400000001,103.68,0.0340992,34.3378944,5585.454545454546,Turbulent indicator,3072.0,102.4,6.9702647508523485,7.54,45.82949073685419,49.5755,0.7949825434921103,0.7825638909178728,0.12930931868038814,0.12740181364498526,5.926180222651775,6.316008612356967,0.17258426371803898,0.18393698049106255,0.15851262103098307,0.16801176633546966,0.18372256163750583,0.17333515040570852,0.23018346698730008,0.21979605575550276,82.54586674682503,79.94901393887568,2.454133253174973,5.05098606112432,32.280586196921845,34.31915033205996,7.2805861969218455,9.319150332059962,24.17579999999999,PASS_BOTH
12,40,4,150,80.0,1.0,16,15,76.0,7.272727272727273,0.0024000000000000002,61.02374400000001,103.68,0.0340992,34.3378944,5585.454545454546,Turbulent indicator,3072.0,81.92,6.324245330098569,7.54,41.58191304539809,49.5755,0.8096747891335931,0.7825638909178728,0.1644575595136499,0.1592522670562316,6.838459939354972,7.89501076544621,0.19915198817068328,0.22992122561382822,0.1805746590906584,0.2054038061345702,0.16127592284732695,0.14178094036197117,0.2077368281971212,0.18824184571176542,76.9342070492803,72.06046142794136,8.065792950719697,12.939538572058638,32.280586196921845,34.31915033205996,7.2805861969218455,9.319150332059962,30.219749999999987,PASS_BOTH
12,50,2,80,80.0,1.0,26,25,76.00000000000001,3.846153846153846,0.0025,63.5664,108.0,0.035519999999999996,35.76864,2953.8461538461534,Transitional indicator,1536.0,38.4,4.564577060250209,7.54,60.02418834229025,99.151,0.665596658268831,0.5604803877032554,0.14244410491991685,0.12057992064227713,8.550091781962042,11.955619711602418,0.23903877200704424,0.334248652216087,0.21261564669083777,0.2841242439983548,0.13149291423896256,0.0983986815160405,0.1779538195887568,0.14485958686583475,69.4884548971892,61.21489671645869,15.5115451028108,23.78510328354131,31.989362749044975,33.94638431877757,6.989362749044975,8.946384318777568,57.62764800000001,PASS_BOTH
12,50,2,100,80.0,1.0,26,25,76.00000000000001,3.846153846153846,0.0025,63.5664,108.0,0.035519999999999996,35.76864,2953.8461538461534,Transitional indicator,1536.0,30.72,4.145584308681642,7.54,54.5144336591636,99.151,0.6848424870432718,0.5604803877032554,0.18305904663125067,0.1507249008028464,9.97936025328905,14.944524639503022,0.278997475254554,0.41781081527010877,0.24345818671186603,0.3415132077123989,0.11483471299023382,0.08186345466241504,0.16129561834002806,0.1283243600122093,65.32390458500701,57.081090003052324,19.676095414992986,27.918909996947676,31.989362749044975,33.94638431877757,6.989362749044975,8.946384318777568,72.03456000000001,PASS_BOTH
12,50,2,120,80.0,1.0,26,25,76.00000000000001,3.846153846153846,0.0025,63.5664,108.0,0.035519999999999996,35.76864,2953.8461538461534,Transitional indicator,1536.0,25.6,3.8280960169317804,7.54,50.33946262265291,99.151,0.7004112520397037,0.5604803877032554,0.2245283106363876,0.18086988096341572,11.302634501007836,17.933429567403632,0.3159928501896588,0.5013729783241306,0.2709353371769453,0.3943015223213987,0.1031886474739216,0.07090373588106902,0.14964955282371584,0.11736464123086326,62.41238820592896,54.34116030771582,22.587611794071037,30.658839692284182,31.989362749044975,33.94638431877757,6.989362749044975,8.946384318777568,86.441472,PASS_BOTH
12,50,2,150,80.0,1.0,26,25,76.00000000000001,3.846153846153846,0.0025,63.5664,108.0,0.035519999999999996,35.76864,2953.8461538461534,Transitional indicator,1536.0,20.48,3.464477657314975,7.54,45.55788119369192,99.151,0.7193977040364452,0.5604803877032554,0.28806510457421364,0.22608735120426962,13.123635810240463,22.416786959254537,0.36690340505650937,0.6267162229051633,0.3071234298148324,0.4656564115705065,0.09103001686662494,0.06003879749424812,0.13749092221641918,0.10649970284404237,59.37273055410479,51.62492571101059,25.62726944589521,33.37507428898941,31.989362749044975,33.94638431877757,6.989362749044975,8.946384318777568,108.05184000000001,PASS_BOTH
12,50,3,80,80.0,1.0,20,19,77.0,5.660377358490566,0.00285,72.46569600000001,123.12,0.0404928,40.7762496,4347.169811320754,Turbulent indicator,2304.0,86.39999999999999,6.472257204427381,7.54,56.740121492146706,66.10066666666667,0.676897721829697,0.6459132049972609,0.11286363549275154,0.10790611279956176,6.403896389904084,7.1326659934595655,0.1570496662327691,0.1749220701616356,0.14533839005890226,0.16047755793174767,0.16873779743446585,0.1528193732337372,0.2151987027842601,0.19928027858353145,78.79967569606502,74.82006964588285,6.200324303934977,10.179930354117147,31.13101995530261,32.84770554278734,6.131019955302609,7.847705542787338,26.606848000000003,PASS_BOTH
12,50,3,100,80.0,1.0,20,19,77.0,5.660377358490566,0.00285,72.46569600000001,123.12,0.0404928,40.7762496,4347.169811320754,Turbulent indicator,2304.0,69.11999999999999,5.875846552940583,7.54,51.51158811411245,66.10066666666667,0.6959493529680854,0.6459132049972609,0.14488987059361708,0.13488264099945219,7.463507335925456,8.915832491824457,0.18303564965242552,0.2186525877020445,0.16726153162903679,0.1963991495180778,0.14662116018165786,0.12486856425492354,0.1930820655314521,0.1713294696047178,73.27051638286302,67.83236740117945,11.729483617136978,17.167632598820546,31.13101995530261,32.84770554278734,6.131019955302609,7.847705542787338,33.25856,PASS_BOTH
12,50,3,120,80.0,1.0,20,19,77.0,5.660377358490566,0.00285,72.46569600000001,123.12,0.0404928,40.7762496,4347.169811320754,Turbulent indicator,2304.0,57.6,5.432117145212499,7.54,47.6215603063629,66.10066666666667,0.7110443947959325,0.6459132049972609,0.1774906547510238,0.16185916919934262,8.452381919041716,10.698998990189347,0.2072868888619349,0.26238310524245334,0.1872135628398638,0.23078372353652,0.13099520915686813,0.10626433894645808,0.17745611450666238,0.1527252442962523,69.3640286266656,63.181311074063075,15.6359713733344,21.818688925936925,31.13101995530261,32.84770554278734,6.131019955302609,7.847705542787338,39.910272,PASS_BOTH
12,50,3,150,80.0,1.0,20,19,77.0,5.660377358490566,0.00285,72.46569600000001,123.12,0.0404928,40.7762496,4347.169811320754,Turbulent indicator,2304.0,46.08,4.936052239953566,7.54,43.272724636926256,66.10066666666667,0.7289441598605486,0.6459132049972609,0.22723324795816463,0.2023239614991783,9.833001767248044,13.373748737736687,0.24114532022209428,0.32797888155306676,0.21427256399404537,0.2796217671858563,0.11445272957060408,0.08770447332488963,0.1609136349203983,0.13416537867468387,65.22840873009957,58.541344668670966,19.771591269900426,26.458655331329034,31.13101995530261,32.84770554278734,6.131019955302609,7.847705542787338,49.887840000000004,PASS_BOTH
12,50,4,100,80.0,1.0,16,15,76.0,7.4074074074074066,0.003,76.27968000000001,129.60000000000002,0.042624,42.922368,5688.888888888888,Turbulent indicator,3072.0,122.88,7.551597550623298,7.54,49.651753895348186,49.5755,0.7030633442898432,0.7033589910192312,0.11849013508637493,0.11853743856307701,5.883243026335249,5.876552785483824,0.13706706550615402,0.1369111971055237,0.1280882510315351,0.12795233694965258,0.18188924934585934,0.1820824565268964,0.2283501546956536,0.22854336187669064,82.0875386739134,82.13584046917265,2.9124613260866,2.864159530827351,30.824468957537476,32.45532026564797,5.824468957537476,7.45532026564797,19.420560000000005,PASS_BOTH
12,50,4,120,80.0,1.0,16,15,76.0,7.4074074074074066,0.003,76.27968000000001,129.60000000000002,0.042624,42.922368,5688.888888888888,Turbulent indicator,3072.0,102.4,6.9702647508523485,7.54,45.82949073685419,49.5755,0.7182840346116048,0.7033589910192312,0.14511053464542814,0.1422449262756924,6.650341903352608,7.051863342580589,0.15493883989235188,0.16429343652662848,0.14353244247017183,0.15150699349380736,0.1623178385959088,0.15377426013738554,0.20877874394570303,0.2002351654871798,77.19468598642575,75.05879137179494,7.805314013574247,9.941208628205061,30.824468957537476,32.45532026564797,5.824468957537476,7.45532026564797,23.304672,PASS_BOTH
12,50,4,150,80.0,1.0,16,15,76.0,7.4074074074074066,0.003,76.27968000000001,129.60000000000002,0.042624,42.922368,5688.888888888888,Turbulent indicator,3072.0,81.92,6.324245330098569,7.54,41.58191304539809,49.5755,0.7362176233490362,0.7033589910192312,0.1856922296037687,0.17780615784461548,7.721438144590007,8.814829178225734,0.1798931071228411,0.20536679565828556,0.16464049938051994,0.18565143789303873,0.14150756294964498,0.12549256873287865,0.18796846829943922,0.1719534740826729,71.9921170748598,67.98836852066822,13.007882925140194,17.011631479331783,30.824468957537476,32.45532026564797,5.824468957537476,7.45532026564797,29.130840000000003,PASS_BOTH
12,50,5,150,80.0,1.0,13,12,73.0,9.09090909090909,0.003,76.27968000000001,129.60000000000002,0.042624,42.922368,6981.818181818181,Turbulent indicator,3839.9999999999995,128.0,7.688896177234266,7.54,40.44359389225224,39.6604,0.74121893378513,0.7447101870035424,0.15353769208810036,0.15421848646569078,6.2096160659648,6.116366860623883,0.1446708640577519,0.14249835565045904,0.13469295010247406,0.13281101974711584,0.17297026913750826,0.17542125551412202,0.2194311744873025,0.22188216086391627,79.85779362182564,80.47054021597907,5.1422063781743645,4.529459784020929,30.824468957537476,32.45532026564797,5.824468957537476,7.45532026564797,19.34064,PASS_BOTH
