geometry,orientation,Ts_C,Tsur_C,epsilon,n_fins,n_channels,Lbar,Hbar,Fs,h_ch_W_m2K,Nu_ch,Ra_star,h_exp_W_m2K,Nu_exp,Ra_exp,A_channel_m2,A_exposed_m2,Q_conv_channel_W,Q_rad_channel_W,Q_conv_exposed_W,Q_rad_exposed_W,Q_total_W,status,emissivity_case,chip_power_W
Compact baseline 80x80x25mm,best_vertical_channel_Hf_aligned,60.0,25.0,0.2,27,26,40.0,12.5,0.06000597506063472,1.106703113839591,0.08415993261137575,2.019838427845252,8.774921398919236,8.341180036995473,49312.46161731573,0.10816,0.01016,4.189535307751156,1.3107538020232858,3.1203620494556805,0.5088780399716959,9.12952919920182,FAIL,bare_aluminum,250.0
Compact baseline 80x80x25mm,best_vertical_channel_Hf_aligned,60.0,25.0,0.5,27,26,40.0,12.5,0.06000597506063472,1.106703113839591,0.08415993261137575,2.019838427845252,8.774921398919236,8.341180036995473,49312.46161731573,0.10816,0.01016,4.189535307751156,1.5333555471229083,3.1203620494556805,1.2721950999292397,10.115448004258985,FAIL,treated_or_oxidized_aluminum,250.0
Compact baseline 80x80x25mm,best_vertical_channel_Hf_aligned,60.0,25.0,0.85,27,26,40.0,12.5,0.06000597506063472,1.106703113839591,0.08415993261137575,2.019838427845252,8.774921398919236,8.341180036995473,49312.46161731573,0.10816,0.01016,4.189535307751156,1.6083349174405774,3.1203620494556805,2.162731669879707,11.08096394452712,FAIL,black_anodized_aluminum,250.0
Compact baseline 80x80x25mm,best_vertical_channel_Hf_aligned,60.0,40.0,0.2,27,26,40.0,12.5,0.06000597506063472,0.647793691747458,0.04926187769942647,1.1822850647863588,7.764932825761457,7.381114853385417,28864.38146451072,0.10816,0.01016,1.4013073139881014,0.801975337392275,1.577834350194728,0.3113533885370873,4.092470390112192,FAIL,bare_aluminum,250.0
Compact baseline 80x80x25mm,best_vertical_channel_Hf_aligned,60.0,40.0,0.5,27,26,40.0,12.5,0.06000597506063472,0.647793691747458,0.04926187769942647,1.1822850647863588,7.764932825761457,7.381114853385417,28864.38146451072,0.10816,0.01016,1.4013073139881014,0.9381726227671585,1.577834350194728,0.7783834713427181,4.695697758292706,FAIL,treated_or_oxidized_aluminum,250.0
Compact baseline 80x80x25mm,best_vertical_channel_Hf_aligned,60.0,40.0,0.85,27,26,40.0,12.5,0.06000597506063472,0.647793691747458,0.04926187769942647,1.1822850647863588,7.764932825761457,7.381114853385417,28864.38146451072,0.10816,0.01016,1.4013073139881014,0.9840482141369135,1.577834350194728,1.3232519012826207,5.286441779602364,FAIL,black_anodized_aluminum,250.0
Compact baseline 80x80x25mm,best_vertical_channel_Hf_aligned,60.0,50.0,0.2,27,26,40.0,12.5,0.06000597506063472,0.3292390336665018,0.025037188871977326,0.6008925329274558,6.667613956126159,6.338036079967832,14670.227854674215,0.10816,0.01016,0.3561049388136884,0.4195859039329129,0.6774295779424178,0.16289714518740708,1.616017565876426,FAIL,bare_aluminum,250.0
Compact baseline 80x80x25mm,best_vertical_channel_Hf_aligned,60.0,50.0,0.5,27,26,40.0,12.5,0.06000597506063472,0.3292390336665018,0.025037188871977326,0.6008925329274558,6.667613956126159,6.338036079967832,14670.227854674215,0.10816,0.01016,0.3561049388136884,0.4908430342120664,0.6774295779424178,0.4072428629685177,1.9316204139366902,FAIL,treated_or_oxidized_aluminum,250.0
Compact baseline 80x80x25mm,best_vertical_channel_Hf_aligned,60.0,50.0,0.85,27,26,40.0,12.5,0.06000597506063472,0.3292390336665018,0.025037188871977326,0.6008925329274558,6.667613956126159,6.338036079967832,14670.227854674215,0.10816,0.01016,0.3561049388136884,0.5148447092958979,0.6774295779424178,0.69231286704648,2.2406920930984837,FAIL,black_anodized_aluminum,250.0
Compact baseline 80x80x25mm,best_vertical_channel_Hf_aligned,70.0,25.0,0.2,27,26,40.0,12.5,0.06000597506063472,1.4007150388239804,0.10651825390296428,2.556440265418095,9.263884542301973,8.805973899526592,62413.09241743396,0.10816,0.01016,6.817560236964078,1.769873541269762,4.235448012740463,0.6871235294445637,13.510005320418868,FAIL,bare_aluminum,250.0
Compact baseline 80x80x25mm,best_vertical_channel_Hf_aligned,70.0,25.0,0.5,27,26,40.0,12.5,0.06000597506063472,1.4007150388239804,0.10651825390296428,2.556440265418095,9.263884542301973,8.805973899526592,62413.09241743396,0.10816,0.01016,6.817560236964078,2.0704463401311144,4.235448012740463,1.717808823611409,14.841263413447063,FAIL,treated_or_oxidized_aluminum,250.0
Compact baseline 80x80x25mm,best_vertical_channel_Hf_aligned,70.0,25.0,0.85,27,26,40.0,12.5,0.06000597506063472,1.4007150388239804,0.10651825390296428,2.556440265418095,9.263884542301973,8.805973899526592,62413.09241743396,0.10816,0.01016,6.817560236964078,2.1716888491831323,4.235448012740463,2.920275000139395,16.14497209902707,FAIL,black_anodized_aluminum,250.0
Compact baseline 80x80x25mm,best_vertical_channel_Hf_aligned,70.0,40.0,0.2,27,26,40.0,12.5,0.06000597506063472,0.9561757583597182,0.07271298542659455,1.7451116527889976,8.485664804853984,8.066221297389719,42605.2649606689,0.10816,0.01016,3.1025991007256137,1.2610950766387512,2.5864306325194946,0.489598878009955,7.439723687893815,FAIL,bare_aluminum,250.0
Compact baseline 80x80x25mm,best_vertical_channel_Hf_aligned,70.0,40.0,0.5,27,26,40.0,12.5,0.06000597506063472,0.9561757583597182,0.07271298542659455,1.7451116527889976,8.485664804853984,8.066221297389719,42605.2649606689,0.10816,0.01016,3.1025991007256137,1.4752634157753644,2.5864306325194946,1.2239971950248876,8.38829034404536,FAIL,treated_or_oxidized_aluminum,250.0
Compact baseline 80x80x25mm,best_vertical_channel_Hf_aligned,70.0,40.0,0.85,27,26,40.0,12.5,0.06000597506063472,0.9561757583597182,0.07271298542659455,1.7451116527889976,8.485664804853984,8.066221297389719,42605.2649606689,0.10816,0.01016,3.1025991007256137,1.5474021458794684,2.5864306325194946,2.080795231542308,9.317227110666884,FAIL,black_anodized_aluminum,250.0
Compact baseline 80x80x25mm,best_vertical_channel_Hf_aligned,70.0,50.0,0.2,27,26,40.0,12.5,0.06000597506063472,0.647793691747458,0.04926187769942647,1.1822850647863588,7.764932825761457,7.381114853385417,28864.38146451072,0.10816,0.01016,1.4013073139881014,0.8787056431793892,1.577834350194728,0.34114263466027483,4.198989942022493,FAIL,bare_aluminum,250.0
Compact baseline 80x80x25mm,best_vertical_channel_Hf_aligned,70.0,50.0,0.5,27,26,40.0,12.5,0.06000597506063472,0.647793691747458,0.04926187769942647,1.1822850647863588,7.764932825761457,7.381114853385417,28864.38146451072,0.10816,0.01016,1.4013073139881014,1.0279338272202723,1.577834350194728,0.852856586650687,4.859932078053789,FAIL,treated_or_oxidized_aluminum,250.0
Compact baseline 80x80x25mm,best_vertical_channel_Hf_aligned,70.0,50.0,0.85,27,26,40.0,12.5,0.06000597506063472,0.647793691747458,0.04926187769942647,1.1822850647863588,7.764932825761457,7.381114853385417,28864.38146451072,0.10816,0.01016,1.4013073139881014,1.078198641038453,1.577834350194728,1.4498561973061677,5.50719650252745,FAIL,black_anodized_aluminum,250.0
Compact baseline 80x80x25mm,best_vertical_channel_Hf_aligned,85.0,25.0,0.2,27,26,40.0,12.5,0.06000597506063472,1.8248990202961564,0.1387755908970461,3.3306823956780414,9.848404125990097,9.361600880218724,81315.48817573344,0.10816,0.01016,11.842864682113937,2.5379673659475785,6.003587155203563,0.9853229925421095,21.369742195807188,FAIL,bare_aluminum,250.0
Compact baseline 80x80x25mm,best_vertical_channel_Hf_aligned,85.0,25.0,0.5,27,26,40.0,12.5,0.06000597506063472,1.8248990202961564,0.1387755908970461,3.3306823956780414,9.848404125990097,9.361600880218724,81315.48817573344,0.10816,0.01016,11.842864682113937,2.9689834452400854,6.003587155203563,2.4633074813552738,23.27874276391286,FAIL,treated_or_oxidized_aluminum,250.0
Compact baseline 80x80x25mm,best_vertical_channel_Hf_aligned,85.0,25.0,0.85,27,26,40.0,12.5,0.06000597506063472,1.8248990202961564,0.1387755908970461,3.3306823956780414,9.848404125990097,9.361600880218724,81315.48817573344,0.10816,0.01016,11.842864682113937,3.114163413203407,6.003587155203563,4.187622718303965,25.148237968824873,FAIL,black_anodized_aluminum,250.0
Compact baseline 80x80x25mm,best_vertical_channel_Hf_aligned,85.0,40.0,0.2,27,26,40.0,12.5,0.06000597506063472,1.4007150388239804,0.10651825390296428,2.556440265418095,9.263884542301973,8.805973899526592,62413.09241743396,0.10816,0.01016,6.817560236964078,2.0291889013165676,4.235448012740463,0.7877983411075009,13.86999549212861,FAIL,bare_aluminum,250.0
Compact baseline 80x80x25mm,best_vertical_channel_Hf_aligned,85.0,40.0,0.5,27,26,40.0,12.5,0.06000597506063472,1.4007150388239804,0.10651825390296428,2.556440265418095,9.263884542301973,8.805973899526592,62413.09241743396,0.10816,0.01016,6.817560236964078,2.3738005208843354,4.235448012740463,1.969495852768752,15.396304623357628,FAIL,treated_or_oxidized_aluminum,250.0
Compact baseline 80x80x25mm,best_vertical_channel_Hf_aligned,85.0,40.0,0.85,27,26,40.0,12.5,0.06000597506063472,1.4007150388239804,0.10651825390296428,2.556440265418095,9.263884542301973,8.805973899526592,62413.09241743396,0.10816,0.01016,6.817560236964078,2.4898767098997427,4.235448012740463,3.348142949706878,16.891027909311163,FAIL,black_anodized_aluminum,250.0
Compact baseline 80x80x25mm,best_vertical_channel_Hf_aligned,85.0,50.0,0.2,27,26,40.0,12.5,0.06000597506063472,1.106703113839591,0.08415993261137575,2.019838427845252,8.774921398919236,8.341180036995473,49312.46161731573,0.10816,0.01016,4.189535307751156,1.6467994678572055,3.1203620494556805,0.6393420977578207,9.596038922821863,FAIL,bare_aluminum,250.0
Compact baseline 80x80x25mm,best_vertical_channel_Hf_aligned,85.0,50.0,0.5,27,26,40.0,12.5,0.06000597506063472,1.106703113839591,0.08415993261137575,2.019838427845252,8.774921398919236,8.341180036995473,49312.46161731573,0.10816,0.01016,4.189535307751156,1.9264709323292435,3.1203620494556805,1.5983552443945517,10.834723533930633,FAIL,treated_or_oxidized_aluminum,250.0
Compact baseline 80x80x25mm,best_vertical_channel_Hf_aligned,85.0,50.0,0.85,27,26,40.0,12.5,0.06000597506063472,1.106703113839591,0.08415993261137575,2.019838427845252,8.774921398919236,8.341180036995473,49312.46161731573,0.10816,0.01016,4.189535307751156,2.0206732050587273,3.1203620494556805,2.7172039154707375,12.0477744777363,FAIL,black_anodized_aluminum,250.0
Compact baseline 80x80x25mm,best_vertical_channel_Hf_aligned,100.0,25.0,0.2,27,26,40.0,12.5,0.06000597506063472,2.22989010093652,0.16957339170619928,4.070324103015601,10.317974591266305,9.807960638085842,99373.14704627934,0.10816,0.01016,18.08886849879705,3.4088778475277715,7.862296638544924,1.3234392872827605,30.68348227215251,FAIL,bare_aluminum,250.0
Compact baseline 80x80x25mm,best_vertical_channel_Hf_aligned,100.0,25.0,0.5,27,26,40.0,12.5,0.06000597506063472,2.22989010093652,0.16957339170619928,4.070324103015601,10.317974591266305,9.807960638085842,99373.14704627934,0.10816,0.01016,18.08886849879705,3.98779827981628,7.862296638544924,3.3085982182069014,33.24756163536516,FAIL,treated_or_oxidized_aluminum,250.0
Compact baseline 80x80x25mm,best_vertical_channel_Hf_aligned,100.0,25.0,0.85,27,26,40.0,12.5,0.06000597506063472,2.22989010093652,0.16957339170619928,4.070324103015601,10.317974591266305,9.807960638085842,99373.14704627934,0.10816,0.01016,18.08886849879705,4.182797153062304,7.862296638544924,5.624616970951731,35.758579261356005,FAIL,black_anodized_aluminum,250.0
Compact baseline 80x80x25mm,best_vertical_channel_Hf_aligned,100.0,40.0,0.2,27,26,40.0,12.5,0.06000597506063472,1.8248990202961564,0.1387755908970461,3.3306823956780414,9.848404125990097,9.361600880218724,81315.48817573344,0.10816,0.01016,11.842864682113937,2.90009938289676,6.003587155203563,1.1259146358481518,21.872465856062412,FAIL,bare_aluminum,250.0
Compact baseline 80x80x25mm,best_vertical_channel_Hf_aligned,100.0,40.0,0.5,27,26,40.0,12.5,0.06000597506063472,1.8248990202961564,0.1387755908970461,3.3306823956780414,9.848404125990097,9.361600880218724,81315.48817573344,0.10816,0.01016,11.842864682113937,3.39261535546053,6.003587155203563,2.8147865896203794,24.05385378239841,FAIL,treated_or_oxidized_aluminum,250.0
Compact baseline 80x80x25mm,best_vertical_channel_Hf_aligned,100.0,40.0,0.85,27,26,40.0,12.5,0.06000597506063472,1.8248990202961564,0.1387755908970461,3.3306823956780414,9.848404125990097,9.361600880218724,81315.48817573344,0.10816,0.01016,11.842864682113937,3.55851044975864,6.003587155203563,4.785137202354645,26.190099489430782,FAIL,black_anodized_aluminum,250.0
Compact baseline 80x80x25mm,best_vertical_channel_Hf_aligned,100.0,50.0,0.2,27,26,40.0,12.5,0.06000597506063472,1.5443062079354875,0.1174377344437633,2.8185141785077854,9.475021146477763,9.006674093610041,68811.38131122525,0.10816,0.01016,8.351607972515117,2.517709949437398,4.813310742410704,0.9774583924984717,16.66008705686169,FAIL,bare_aluminum,250.0
Compact baseline 80x80x25mm,best_vertical_channel_Hf_aligned,100.0,50.0,0.5,27,26,40.0,12.5,0.06000597506063472,1.5443062079354875,0.1174377344437633,2.8185141785077854,9.475021146477763,9.006674093610041,68811.38131122525,0.10816,0.01016,8.351607972515117,2.9452857669054375,4.813310742410704,2.443645981246179,18.553850463077435,FAIL,treated_or_oxidized_aluminum,250.0
Compact baseline 80x80x25mm,best_vertical_channel_Hf_aligned,100.0,50.0,0.85,27,26,40.0,12.5,0.06000597506063472,1.5443062079354875,0.1174377344437633,2.8185141785077854,9.475021146477763,9.006674093610041,68811.38131122525,0.10816,0.01016,8.351607972515117,3.0893069449176247,4.813310742410704,4.154198168118504,20.40842382796195,FAIL,black_anodized_aluminum,250.0
Compact baseline 80x80x25mm,best_vertical_channel_Hf_aligned,120.0,25.0,0.2,27,26,40.0,12.5,0.06000597506063472,2.741296626039398,0.20846362175204547,5.0065830403330045,10.828071239984922,10.292843384016086,122231.03125813002,0.10816,0.01016,28.167371091880025,4.745273535045742,10.451254360833447,1.842272356499134,45.20617134425835,FAIL,bare_aluminum,250.0
Compact baseline 80x80x25mm,best_vertical_channel_Hf_aligned,120.0,25.0,0.5,27,26,40.0,12.5,0.06000597506063472,2.741296626039398,0.20846362175204547,5.0065830403330045,10.828071239984922,10.292843384016086,122231.03125813002,0.10816,0.01016,28.167371091880025,5.551150403947986,10.451254360833447,4.605680891247835,48.775456747909296,FAIL,treated_or_oxidized_aluminum,250.0
Compact baseline 80x80x25mm,best_vertical_channel_Hf_aligned,120.0,25.0,0.85,27,26,40.0,12.5,0.06000597506063472,2.741296626039398,0.20846362175204547,5.0065830403330045,10.828071239984922,10.292843384016086,122231.03125813002,0.10816,0.01016,28.167371091880025,5.822595446559053,10.451254360833447,7.829657515121318,52.27087841439384,FAIL,black_anodized_aluminum,250.0
Compact baseline 80x80x25mm,best_vertical_channel_Hf_aligned,120.0,40.0,0.2,27,26,40.0,12.5,0.06000597506063472,2.360764685585358,0.17952583160344926,4.309580277556309,10.456078535298031,9.939238151423984,105214.36224502709,0.10816,0.01016,20.427224671432988,4.2364950704147315,8.498700633490241,1.6447477050645254,34.807168080402484,FAIL,bare_aluminum,250.0
Compact baseline 80x80x25mm,best_vertical_channel_Hf_aligned,120.0,40.0,0.5,27,26,40.0,12.5,0.06000597506063472,2.360764685585358,0.17952583160344926,4.309580277556309,10.456078535298031,9.939238151423984,105214.36224502709,0.10816,0.01016,20.427224671432988,4.9559674795922355,8.498700633490241,4.111869262661314,37.99376204717678,FAIL,treated_or_oxidized_aluminum,250.0
Compact baseline 80x80x25mm,best_vertical_channel_Hf_aligned,120.0,40.0,0.85,27,26,40.0,12.5,0.06000597506063472,2.360764685585358,0.17952583160344926,4.309580277556309,10.456078535298031,9.939238151423984,105214.36224502709,0.10816,0.01016,20.427224671432988,5.198308743255389,8.498700633490241,6.990177746524231,41.11441179470285,FAIL,black_anodized_aluminum,250.0
Compact baseline 80x80x25mm,best_vertical_channel_Hf_aligned,120.0,50.0,0.2,27,26,40.0,12.5,0.06000597506063472,2.0969704924764834,0.15946543669022686,3.827477110907121,10.17142396020179,9.668653954564439,93444.26540300592,0.10816,0.01016,15.876582992637951,3.854105636955369,7.233916720495514,1.496291461714845,28.46089681180368,FAIL,bare_aluminum,250.0
Compact baseline 80x80x25mm,best_vertical_channel_Hf_aligned,120.0,50.0,0.5,27,26,40.0,12.5,0.06000597506063472,2.0969704924764834,0.15946543669022686,3.827477110907121,10.17142396020179,9.668653954564439,93444.26540300592,0.10816,0.01016,15.876582992637951,4.508637891037144,7.233916720495514,3.7407286542871128,31.359866258457725,FAIL,treated_or_oxidized_aluminum,250.0
Compact baseline 80x80x25mm,best_vertical_channel_Hf_aligned,120.0,50.0,0.85,27,26,40.0,12.5,0.06000597506063472,2.0969704924764834,0.15946543669022686,3.827477110907121,10.17142396020179,9.668653954564439,93444.26540300592,0.10816,0.01016,15.876582992637951,4.729105238414373,7.233916720495514,6.35923871228809,34.19884366383593,FAIL,black_anodized_aluminum,250.0
Compact baseline 80x80x25mm,length_aligned_channel_L_aligned,60.0,25.0,0.2,27,26,40.0,12.5,0.06000597506063472,0.345844730809441,0.026299979529235056,0.6311995087016413,8.774921398919236,8.341180036995473,49312.46161731573,0.10816,0.01016,1.30922981295222,1.3107538020232858,3.1203620494556805,0.5088780399716959,6.2492237044028816,FAIL,bare_aluminum,250.0
Compact baseline 80x80x25mm,length_aligned_channel_L_aligned,60.0,25.0,0.5,27,26,40.0,12.5,0.06000597506063472,0.345844730809441,0.026299979529235056,0.6311995087016413,8.774921398919236,8.341180036995473,49312.46161731573,0.10816,0.01016,1.30922981295222,1.5333555471229083,3.1203620494556805,1.2721950999292397,7.235142509460049,FAIL,treated_or_oxidized_aluminum,250.0
Compact baseline 80x80x25mm,length_aligned_channel_L_aligned,60.0,25.0,0.85,27,26,40.0,12.5,0.06000597506063472,0.345844730809441,0.026299979529235056,0.6311995087016413,8.774921398919236,8.341180036995473,49312.46161731573,0.10816,0.01016,1.30922981295222,1.6083349174405774,3.1203620494556805,2.162731669879707,8.200658449728184,FAIL,black_anodized_aluminum,250.0
Compact baseline 80x80x25mm,length_aligned_channel_L_aligned,60.0,40.0,0.2,27,26,40.0,12.5,0.06000597506063472,0.20243552867110182,0.015394336781072382,0.36946408274573717,7.764932825761457,7.381114853385417,28864.38146451072,0.10816,0.01016,0.4379085356213275,0.801975337392275,1.577834350194728,0.3113533885370873,3.129071611745418,FAIL,bare_aluminum,250.0
Compact baseline 80x80x25mm,length_aligned_channel_L_aligned,60.0,40.0,0.5,27,26,40.0,12.5,0.06000597506063472,0.20243552867110182,0.015394336781072382,0.36946408274573717,7.764932825761457,7.381114853385417,28864.38146451072,0.10816,0.01016,0.4379085356213275,0.9381726227671585,1.577834350194728,0.7783834713427181,3.732298979925932,FAIL,treated_or_oxidized_aluminum,250.0
Compact baseline 80x80x25mm,length_aligned_channel_L_aligned,60.0,40.0,0.85,27,26,40.0,12.5,0.06000597506063472,0.20243552867110182,0.015394336781072382,0.36946408274573717,7.764932825761457,7.381114853385417,28864.38146451072,0.10816,0.01016,0.4379085356213275,0.9840482141369135,1.577834350194728,1.3232519012826207,4.32304300123559,FAIL,black_anodized_aluminum,250.0
Compact baseline 80x80x25mm,length_aligned_channel_L_aligned,60.0,50.0,0.2,27,26,40.0,12.5,0.06000597506063472,0.1028871980207818,0.007824121522492913,0.18777891653982992,6.667613956126159,6.338036079967832,14670.227854674215,0.10816,0.01016,0.1112827933792776,0.4195859039329129,0.6774295779424178,0.16289714518740708,1.3711954204420154,FAIL,bare_aluminum,250.0
Compact baseline 80x80x25mm,length_aligned_channel_L_aligned,60.0,50.0,0.5,27,26,40.0,12.5,0.06000597506063472,0.1028871980207818,0.007824121522492913,0.18777891653982992,6.667613956126159,6.338036079967832,14670.227854674215,0.10816,0.01016,0.1112827933792776,0.4908430342120664,0.6774295779424178,0.4072428629685177,1.6867982685022793,FAIL,treated_or_oxidized_aluminum,250.0
Compact baseline 80x80x25mm,length_aligned_channel_L_aligned,60.0,50.0,0.85,27,26,40.0,12.5,0.06000597506063472,0.1028871980207818,0.007824121522492913,0.18777891653982992,6.667613956126159,6.338036079967832,14670.227854674215,0.10816,0.01016,0.1112827933792776,0.5148447092958979,0.6774295779424178,0.69231286704648,1.995869947664073,FAIL,black_anodized_aluminum,250.0
Compact baseline 80x80x25mm,length_aligned_channel_L_aligned,70.0,25.0,0.2,27,26,40.0,12.5,0.06000597506063472,0.4377238214876035,0.033286982622631446,0.7988875829431547,9.263884542301973,8.805973899526592,62413.09241743396,0.10816,0.01016,2.1304893839444636,1.769873541269762,4.235448012740463,0.6871235294445637,8.822934467399252,FAIL,bare_aluminum,250.0
Compact baseline 80x80x25mm,length_aligned_channel_L_aligned,70.0,25.0,0.5,27,26,40.0,12.5,0.06000597506063472,0.4377238214876035,0.033286982622631446,0.7988875829431547,9.263884542301973,8.805973899526592,62413.09241743396,0.10816,0.01016,2.1304893839444636,2.0704463401311144,4.235448012740463,1.717808823611409,10.15419256042745,FAIL,treated_or_oxidized_aluminum,250.0
Compact baseline 80x80x25mm,length_aligned_channel_L_aligned,70.0,25.0,0.85,27,26,40.0,12.5,0.06000597506063472,0.4377238214876035,0.033286982622631446,0.7988875829431547,9.263884542301973,8.805973899526592,62413.09241743396,0.10816,0.01016,2.1304893839444636,2.1716888491831323,4.235448012740463,2.920275000139395,11.457901246007452,FAIL,black_anodized_aluminum,250.0
Compact baseline 80x80x25mm,length_aligned_channel_L_aligned,70.0,40.0,0.2,27,26,40.0,12.5,0.06000597506063472,0.2988049249241578,0.022722807979023405,0.5453473914965618,8.485664804853984,8.066221297389719,42605.2649606689,0.10816,0.01016,0.9695622203939072,1.2610950766387512,2.5864306325194946,0.489598878009955,5.306686807562109,FAIL,bare_aluminum,250.0
Compact baseline 80x80x25mm,length_aligned_channel_L_aligned,70.0,40.0,0.5,27,26,40.0,12.5,0.06000597506063472,0.2988049249241578,0.022722807979023405,0.5453473914965618,8.485664804853984,8.066221297389719,42605.2649606689,0.10816,0.01016,0.9695622203939072,1.4752634157753644,2.5864306325194946,1.2239971950248876,6.255253463713654,FAIL,treated_or_oxidized_aluminum,250.0
Compact baseline 80x80x25mm,length_aligned_channel_L_aligned,70.0,40.0,0.85,27,26,40.0,12.5,0.06000597506063472,0.2988049249241578,0.022722807979023405,0.5453473914965618,8.485664804853984,8.066221297389719,42605.2649606689,0.10816,0.01016,0.9695622203939072,1.5474021458794684,2.5864306325194946,2.080795231542308,7.184190230335179,FAIL,black_anodized_aluminum,250.0
Compact baseline 80x80x25mm,length_aligned_channel_L_aligned,70.0,50.0,0.2,27,26,40.0,12.5,0.06000597506063472,0.20243552867110182,0.015394336781072382,0.36946408274573717,7.764932825761457,7.381114853385417,28864.38146451072,0.10816,0.01016,0.4379085356213275,0.8787056431793892,1.577834350194728,0.34114263466027483,3.2355911636557195,FAIL,bare_aluminum,250.0
Compact baseline 80x80x25mm,length_aligned_channel_L_aligned,70.0,50.0,0.5,27,26,40.0,12.5,0.06000597506063472,0.20243552867110182,0.015394336781072382,0.36946408274573717,7.764932825761457,7.381114853385417,28864.38146451072,0.10816,0.01016,0.4379085356213275,1.0279338272202723,1.577834350194728,0.852856586650687,3.8965332996870146,FAIL,treated_or_oxidized_aluminum,250.0
Compact baseline 80x80x25mm,length_aligned_channel_L_aligned,70.0,50.0,0.85,27,26,40.0,12.5,0.06000597506063472,0.20243552867110182,0.015394336781072382,0.36946408274573717,7.764932825761457,7.381114853385417,28864.38146451072,0.10816,0.01016,0.4379085356213275,1.078198641038453,1.577834350194728,1.4498561973061677,4.543797724160676,FAIL,black_anodized_aluminum,250.0
Compact baseline 80x80x25mm,length_aligned_channel_L_aligned,85.0,25.0,0.2,27,26,40.0,12.5,0.06000597506063472,0.5702926237391427,0.04336826036039108,1.040838248649388,9.848404125990097,9.361600880218724,81315.48817573344,0.10816,0.01016,3.7009710110175407,2.5379673659475785,6.003587155203563,0.9853229925421095,13.227848524710792,FAIL,bare_aluminum,250.0
Compact baseline 80x80x25mm,length_aligned_channel_L_aligned,85.0,25.0,0.5,27,26,40.0,12.5,0.06000597506063472,0.5702926237391427,0.04336826036039108,1.040838248649388,9.848404125990097,9.361600880218724,81315.48817573344,0.10816,0.01016,3.7009710110175407,2.9689834452400854,6.003587155203563,2.4633074813552738,15.136849092816464,FAIL,treated_or_oxidized_aluminum,250.0
Compact baseline 80x80x25mm,length_aligned_channel_L_aligned,85.0,25.0,0.85,27,26,40.0,12.5,0.06000597506063472,0.5702926237391427,0.04336826036039108,1.040838248649388,9.848404125990097,9.361600880218724,81315.48817573344,0.10816,0.01016,3.7009710110175407,3.114163413203407,6.003587155203563,4.187622718303965,17.006344297728475,FAIL,black_anodized_aluminum,250.0
Compact baseline 80x80x25mm,length_aligned_channel_L_aligned,85.0,40.0,0.2,27,26,40.0,12.5,0.06000597506063472,0.4377238214876035,0.033286982622631446,0.7988875829431547,9.263884542301973,8.805973899526592,62413.09241743396,0.10816,0.01016,2.1304893839444636,2.0291889013165676,4.235448012740463,0.7877983411075009,9.182924639108993,FAIL,bare_aluminum,250.0
Compact baseline 80x80x25mm,length_aligned_channel_L_aligned,85.0,40.0,0.5,27,26,40.0,12.5,0.06000597506063472,0.4377238214876035,0.033286982622631446,0.7988875829431547,9.263884542301973,8.805973899526592,62413.09241743396,0.10816,0.01016,2.1304893839444636,2.3738005208843354,4.235448012740463,1.969495852768752,10.709233770338013,FAIL,treated_or_oxidized_aluminum,250.0
Compact baseline 80x80x25mm,length_aligned_channel_L_aligned,85.0,40.0,0.85,27,26,40.0,12.5,0.06000597506063472,0.4377238214876035,0.033286982622631446,0.7988875829431547,9.263884542301973,8.805973899526592,62413.09241743396,0.10816,0.01016,2.1304893839444636,2.4898767098997427,4.235448012740463,3.348142949706878,12.203957056291546,FAIL,black_anodized_aluminum,250.0
Compact baseline 80x80x25mm,length_aligned_channel_L_aligned,85.0,50.0,0.2,27,26,40.0,12.5,0.06000597506063472,0.345844730809441,0.026299979529235056,0.6311995087016413,8.774921398919236,8.341180036995473,49312.46161731573,0.10816,0.01016,1.30922981295222,1.6467994678572055,3.1203620494556805,0.6393420977578207,6.715733428022927,FAIL,bare_aluminum,250.0
Compact baseline 80x80x25mm,length_aligned_channel_L_aligned,85.0,50.0,0.5,27,26,40.0,12.5,0.06000597506063472,0.345844730809441,0.026299979529235056,0.6311995087016413,8.774921398919236,8.341180036995473,49312.46161731573,0.10816,0.01016,1.30922981295222,1.9264709323292435,3.1203620494556805,1.5983552443945517,7.954418039131696,FAIL,treated_or_oxidized_aluminum,250.0
Compact baseline 80x80x25mm,length_aligned_channel_L_aligned,85.0,50.0,0.85,27,26,40.0,12.5,0.06000597506063472,0.345844730809441,0.026299979529235056,0.6311995087016413,8.774921398919236,8.341180036995473,49312.46161731573,0.10816,0.01016,1.30922981295222,2.0206732050587273,3.1203620494556805,2.7172039154707375,9.167468982937365,FAIL,black_anodized_aluminum,250.0
Compact baseline 80x80x25mm,length_aligned_channel_L_aligned,100.0,25.0,0.2,27,26,40.0,12.5,0.06000597506063472,0.6969370046173193,0.05299901175797105,1.2719762821923752,10.317974591266305,9.807960638085842,99373.14704627934,0.10816,0.01016,5.653552981455695,3.4088778475277715,7.862296638544924,1.3234392872827605,18.24816675481115,FAIL,bare_aluminum,250.0
Compact baseline 80x80x25mm,length_aligned_channel_L_aligned,100.0,25.0,0.5,27,26,40.0,12.5,0.06000597506063472,0.6969370046173193,0.05299901175797105,1.2719762821923752,10.317974591266305,9.807960638085842,99373.14704627934,0.10816,0.01016,5.653552981455695,3.98779827981628,7.862296638544924,3.3085982182069014,20.8122461180238,FAIL,treated_or_oxidized_aluminum,250.0
Compact baseline 80x80x25mm,length_aligned_channel_L_aligned,100.0,25.0,0.85,27,26,40.0,12.5,0.06000597506063472,0.6969370046173193,0.05299901175797105,1.2719762821923752,10.317974591266305,9.807960638085842,99373.14704627934,0.10816,0.01016,5.653552981455695,4.182797153062304,7.862296638544924,5.624616970951731,23.323263744014657,FAIL,black_anodized_aluminum,250.0
Compact baseline 80x80x25mm,length_aligned_channel_L_aligned,100.0,40.0,0.2,27,26,40.0,12.5,0.06000597506063472,0.5702926237391427,0.04336826036039108,1.040838248649388,9.848404125990097,9.361600880218724,81315.48817573344,0.10816,0.01016,3.7009710110175407,2.90009938289676,6.003587155203563,1.1259146358481518,13.730572184966015,FAIL,bare_aluminum,250.0
Compact baseline 80x80x25mm,length_aligned_channel_L_aligned,100.0,40.0,0.5,27,26,40.0,12.5,0.06000597506063472,0.5702926237391427,0.04336826036039108,1.040838248649388,9.848404125990097,9.361600880218724,81315.48817573344,0.10816,0.01016,3.7009710110175407,3.39261535546053,6.003587155203563,2.8147865896203794,15.911960111302013,FAIL,treated_or_oxidized_aluminum,250.0
Compact baseline 80x80x25mm,length_aligned_channel_L_aligned,100.0,40.0,0.85,27,26,40.0,12.5,0.06000597506063472,0.5702926237391427,0.04336826036039108,1.040838248649388,9.848404125990097,9.361600880218724,81315.48817573344,0.10816,0.01016,3.7009710110175407,3.55851044975864,6.003587155203563,4.785137202354645,18.048205818334388,FAIL,black_anodized_aluminum,250.0
Compact baseline 80x80x25mm,length_aligned_channel_L_aligned,100.0,50.0,0.2,27,26,40.0,12.5,0.06000597506063472,0.48259715426272637,0.036699403365986795,0.880785680783683,9.475021146477763,9.006674093610041,68811.38131122525,0.10816,0.01016,2.6098854102528244,2.517709949437398,4.813310742410704,0.9774583924984717,10.918364494599397,FAIL,bare_aluminum,250.0
Compact baseline 80x80x25mm,length_aligned_channel_L_aligned,100.0,50.0,0.5,27,26,40.0,12.5,0.06000597506063472,0.48259715426272637,0.036699403365986795,0.880785680783683,9.475021146477763,9.006674093610041,68811.38131122525,0.10816,0.01016,2.6098854102528244,2.9452857669054375,4.813310742410704,2.443645981246179,12.812127900815145,FAIL,treated_or_oxidized_aluminum,250.0
Compact baseline 80x80x25mm,length_aligned_channel_L_aligned,100.0,50.0,0.85,27,26,40.0,12.5,0.06000597506063472,0.48259715426272637,0.036699403365986795,0.880785680783683,9.475021146477763,9.006674093610041,68811.38131122525,0.10816,0.01016,2.6098854102528244,3.0893069449176247,4.813310742410704,4.154198168118504,14.666701265699658,FAIL,black_anodized_aluminum,250.0
Compact baseline 80x80x25mm,length_aligned_channel_L_aligned,120.0,25.0,0.2,27,26,40.0,12.5,0.06000597506063472,0.8572469657665397,0.06518988332825397,1.564557200104064,10.828071239984922,10.292843384016086,122231.03125813002,0.10816,0.01016,8.80838402264435,4.745273535045742,10.451254360833447,1.842272356499134,25.847184275022673,FAIL,bare_aluminum,250.0
Compact baseline 80x80x25mm,length_aligned_channel_L_aligned,120.0,25.0,0.5,27,26,40.0,12.5,0.06000597506063472,0.8572469657665397,0.06518988332825397,1.564557200104064,10.828071239984922,10.292843384016086,122231.03125813002,0.10816,0.01016,8.80838402264435,5.551150403947986,10.451254360833447,4.605680891247835,29.41646967867362,FAIL,treated_or_oxidized_aluminum,250.0
Compact baseline 80x80x25mm,length_aligned_channel_L_aligned,120.0,25.0,0.85,27,26,40.0,12.5,0.06000597506063472,0.8572469657665397,0.06518988332825397,1.564557200104064,10.828071239984922,10.292843384016086,122231.03125813002,0.10816,0.01016,8.80838402264435,5.822595446559053,10.451254360833447,7.829657515121318,32.91189134515817,FAIL,black_anodized_aluminum,250.0
Compact baseline 80x80x25mm,length_aligned_channel_L_aligned,120.0,40.0,0.2,27,26,40.0,12.5,0.06000597506063472,0.7379033938755967,0.056114326530463624,1.3467438367363467,10.456078535298031,9.939238151423984,105214.36224502709,0.10816,0.01016,6.384930486526763,4.2364950704147315,8.498700633490241,1.6447477050645254,20.764873895496258,FAIL,bare_aluminum,250.0
Compact baseline 80x80x25mm,length_aligned_channel_L_aligned,120.0,40.0,0.5,27,26,40.0,12.5,0.06000597506063472,0.7379033938755967,0.056114326530463624,1.3467438367363467,10.456078535298031,9.939238151423984,105214.36224502709,0.10816,0.01016,6.384930486526763,4.9559674795922355,8.498700633490241,4.111869262661314,23.951467862270555,FAIL,treated_or_oxidized_aluminum,250.0
Compact baseline 80x80x25mm,length_aligned_channel_L_aligned,120.0,40.0,0.85,27,26,40.0,12.5,0.06000597506063472,0.7379033938755967,0.056114326530463624,1.3467438367363467,10.456078535298031,9.939238151423984,105214.36224502709,0.10816,0.01016,6.384930486526763,5.198308743255389,8.498700633490241,6.990177746524231,27.072117609796624,FAIL,black_anodized_aluminum,250.0
Compact baseline 80x80x25mm,length_aligned_channel_L_aligned,120.0,50.0,0.2,27,26,40.0,12.5,0.06000597506063472,0.6553557813596518,0.049836941548262494,1.1960865971584753,10.17142396020179,9.668653954564439,93444.26540300592,0.10816,0.01016,4.9618296918301965,3.854105636955369,7.233916720495514,1.496291461714845,17.546143510995922,FAIL,bare_aluminum,250.0
Compact baseline 80x80x25mm,length_aligned_channel_L_aligned,120.0,50.0,0.5,27,26,40.0,12.5,0.06000597506063472,0.6553557813596518,0.049836941548262494,1.1960865971584753,10.17142396020179,9.668653954564439,93444.26540300592,0.10816,0.01016,4.9618296918301965,4.508637891037144,7.233916720495514,3.7407286542871128,20.445112957649968,FAIL,treated_or_oxidized_aluminum,250.0
Compact baseline 80x80x25mm,length_aligned_channel_L_aligned,120.0,50.0,0.85,27,26,40.0,12.5,0.06000597506063472,0.6553557813596518,0.049836941548262494,1.1960865971584753,10.17142396020179,9.668653954564439,93444.26540300592,0.10816,0.01016,4.9618296918301965,4.729105238414373,7.233916720495514,6.35923871228809,23.284090363028174,FAIL,black_anodized_aluminum,250.0
Larger candidate 80x100x50mm,best_vertical_channel_Hf_aligned,60.0,25.0,0.2,27,26,50.0,25.0,0.038007547226033556,0.5533515692951052,0.04207996724677606,1.009919213922626,7.134936288868398,13.564517659445626,394499.6929385258,0.2652,0.020700000000000003,5.136209266197166,2.1911368856219275,5.169261341285155,1.0367889200210734,13.533396413125322,FAIL,bare_aluminum,250.0
Larger candidate 80x100x50mm,best_vertical_channel_Hf_aligned,60.0,25.0,0.5,27,26,50.0,25.0,0.038007547226033556,0.5533515692951052,0.04207996724677606,1.009919213922626,7.134936288868398,13.564517659445626,394499.6929385258,0.2652,0.020700000000000003,5.136209266197166,2.4318280218709925,5.169261341285155,2.5919723000526833,15.329270929405997,FAIL,treated_or_oxidized_aluminum,250.0
Larger candidate 80x100x50mm,best_vertical_channel_Hf_aligned,60.0,25.0,0.85,27,26,50.0,25.0,0.038007547226033556,0.5533515692951052,0.04207996724677606,1.009919213922626,7.134936288868398,13.564517659445626,394499.6929385258,0.2652,0.020700000000000003,5.136209266197166,2.5074379170142107,5.169261341285155,4.406352910089562,17.219261434586095,FAIL,black_anodized_aluminum,250.0
Larger candidate 80x100x50mm,best_vertical_channel_Hf_aligned,60.0,40.0,0.2,27,26,50.0,25.0,0.038007547226033556,0.32389684587376283,0.024630938849715806,0.5911425323931794,6.285640518252807,11.949886916830433,230915.05171608576,0.2652,0.020700000000000003,1.7179488705144381,1.3406314293399904,2.6022551745566624,0.6343518841257585,6.2951873585368485,FAIL,bare_aluminum,250.0
Larger candidate 80x100x50mm,best_vertical_channel_Hf_aligned,60.0,40.0,0.5,27,26,50.0,25.0,0.038007547226033556,0.32389684587376283,0.024630938849715806,0.5911425323931794,6.285640518252807,11.949886916830433,230915.05171608576,0.2652,0.020700000000000003,1.7179488705144381,1.4878965792886032,2.6022551745566624,1.5858797103143962,7.393980334674099,FAIL,treated_or_oxidized_aluminum,250.0
Larger candidate 80x100x50mm,best_vertical_channel_Hf_aligned,60.0,40.0,0.85,27,26,50.0,25.0,0.038007547226033556,0.32389684587376283,0.024630938849715806,0.5911425323931794,6.285640518252807,11.949886916830433,230915.05171608576,0.2652,0.020700000000000003,1.7179488705144381,1.5341579527624603,2.6022551745566624,2.6959955075344735,8.550357505368034,FAIL,black_anodized_aluminum,250.0
Larger candidate 80x100x50mm,best_vertical_channel_Hf_aligned,60.0,50.0,0.2,27,26,50.0,25.0,0.038007547226033556,0.1646195168332509,0.012518594435988663,0.3004462664637279,5.3629090143862275,10.19564451404226,117361.82283739372,0.2652,0.020700000000000003,0.4365709586417814,0.7014056715878146,1.1101221659779492,0.3318869001357605,2.579985696343306,FAIL,bare_aluminum,250.0
Larger candidate 80x100x50mm,best_vertical_channel_Hf_aligned,60.0,50.0,0.5,27,26,50.0,25.0,0.038007547226033556,0.1646195168332509,0.012518594435988663,0.3004462664637279,5.3629090143862275,10.19564451404226,117361.82283739372,0.2652,0.020700000000000003,0.4365709586417814,0.7784534038284643,1.1101221659779492,0.8297172503394012,3.154863778787596,FAIL,treated_or_oxidized_aluminum,250.0
Larger candidate 80x100x50mm,best_vertical_channel_Hf_aligned,60.0,50.0,0.85,27,26,50.0,25.0,0.038007547226033556,0.1646195168332509,0.012518594435988663,0.3004462664637279,5.3629090143862275,10.19564451404226,117361.82283739372,0.2652,0.020700000000000003,0.4365709586417814,0.8026569164568232,1.1101221659779492,1.4105193255769821,3.759869366653536,FAIL,black_anodized_aluminum,250.0
Larger candidate 80x100x50mm,best_vertical_channel_Hf_aligned,70.0,25.0,0.2,27,26,50.0,25.0,0.038007547226033556,0.7003581143794917,0.05325917219615906,1.2782201327090474,7.546103643330131,14.346204645114318,499304.7393394717,0.2652,0.020700000000000003,8.358073737004853,2.958629754250055,7.029195543762018,1.3999465609746522,19.74584559599158,FAIL,bare_aluminum,250.0
Larger candidate 80x100x50mm,best_vertical_channel_Hf_aligned,70.0,25.0,0.5,27,26,50.0,25.0,0.038007547226033556,0.7003581143794917,0.05325917219615906,1.2782201327090474,7.546103643330131,14.346204645114318,499304.7393394717,0.2652,0.020700000000000003,8.358073737004853,3.283628142969439,7.029195543762018,3.4998664024366306,22.17076382617294,FAIL,treated_or_oxidized_aluminum,250.0
Larger candidate 80x100x50mm,best_vertical_channel_Hf_aligned,70.0,25.0,0.85,27,26,50.0,25.0,0.038007547226033556,0.7003581143794917,0.05325917219615906,1.2782201327090474,7.546103643330131,14.346204645114318,499304.7393394717,0.2652,0.020700000000000003,8.358073737004853,3.3857220317421426,7.029195543762018,5.949772884142273,24.722764196651287,FAIL,black_anodized_aluminum,250.0
Larger candidate 80x100x50mm,best_vertical_channel_Hf_aligned,70.0,40.0,0.2,27,26,50.0,25.0,0.038007547226033556,0.4780878798786525,0.03635649276643745,0.8725558263944988,6.89170145583043,13.102094022491311,340842.1196853512,0.2652,0.020700000000000003,3.803667172314559,2.1081242979681174,4.279746604070697,0.9975095250793374,11.18904759943271,FAIL,bare_aluminum,250.0
Larger candidate 80x100x50mm,best_vertical_channel_Hf_aligned,70.0,40.0,0.5,27,26,50.0,25.0,0.038007547226033556,0.4780878798786525,0.03635649276643745,0.8725558263944988,6.89170145583043,13.102094022491311,340842.1196853512,0.2652,0.020700000000000003,3.803667172314559,2.3396967003870497,4.279746604070697,2.4937738126983433,12.916884289470648,FAIL,treated_or_oxidized_aluminum,250.0
Larger candidate 80x100x50mm,best_vertical_channel_Hf_aligned,70.0,40.0,0.85,27,26,50.0,25.0,0.038007547226033556,0.4780878798786525,0.03635649276643745,0.8725558263944988,6.89170145583043,13.102094022491311,340842.1196853512,0.2652,0.020700000000000003,3.803667172314559,2.412442067490392,4.279746604070697,4.239415481587184,14.735271325462831,FAIL,black_anodized_aluminum,250.0
Larger candidate 80x100x50mm,best_vertical_channel_Hf_aligned,70.0,50.0,0.2,27,26,50.0,25.0,0.038007547226033556,0.32389684587376283,0.024630938849715806,0.5911425323931794,6.285640518252807,11.949886916830433,230915.05171608576,0.2652,0.020700000000000003,1.7179488705144381,1.4688985402159416,2.6022551745566624,0.6950445410893394,6.4841471263763815,FAIL,bare_aluminum,250.0
Larger candidate 80x100x50mm,best_vertical_channel_Hf_aligned,70.0,50.0,0.5,27,26,50.0,25.0,0.038007547226033556,0.32389684587376283,0.024630938849715806,0.5911425323931794,6.285640518252807,11.949886916830433,230915.05171608576,0.2652,0.020700000000000003,1.7179488705144381,1.6302535249269108,2.6022551745566624,1.7376113527233483,7.68806892272136,FAIL,treated_or_oxidized_aluminum,250.0
Larger candidate 80x100x50mm,best_vertical_channel_Hf_aligned,70.0,50.0,0.85,27,26,50.0,25.0,0.038007547226033556,0.32389684587376283,0.024630938849715806,0.5911425323931794,6.285640518252807,11.949886916830433,230915.05171608576,0.2652,0.020700000000000003,1.7179488705144381,1.6809410311847548,2.6022551745566624,2.9539392996296923,8.955084375885548,FAIL,black_anodized_aluminum,250.0
Larger candidate 80x100x50mm,best_vertical_channel_Hf_aligned,85.0,25.0,0.2,27,26,50.0,25.0,0.038007547226033556,0.9124681974723178,0.06938921653781885,1.6653411978390207,8.037624065899069,15.280654117678838,650523.9054058675,0.2652,0.020700000000000003,14.519193958179521,4.242622757567765,9.982729089846645,2.0074986166950457,30.752044422288975,FAIL,bare_aluminum,250.0
Larger candidate 80x100x50mm,best_vertical_channel_Hf_aligned,85.0,25.0,0.5,27,26,50.0,25.0,0.038007547226033556,0.9124681974723178,0.06938921653781885,1.6653411978390207,8.037624065899069,15.280654117678838,650523.9054058675,0.2652,0.020700000000000003,14.519193958179521,4.708664700860267,9.982729089846645,5.018746541737615,34.229334290624045,FAIL,treated_or_oxidized_aluminum,250.0
Larger candidate 80x100x50mm,best_vertical_channel_Hf_aligned,85.0,25.0,0.85,27,26,50.0,25.0,0.038007547226033556,0.9124681974723178,0.06938921653781885,1.6653411978390207,8.037624065899069,15.280654117678838,650523.9054058675,0.2652,0.020700000000000003,14.519193958179521,4.85506553229024,9.982729089846645,8.531869120953946,37.888857701270354,FAIL,black_anodized_aluminum,250.0
Larger candidate 80x100x50mm,best_vertical_channel_Hf_aligned,85.0,40.0,0.2,27,26,50.0,25.0,0.038007547226033556,0.7003581143794917,0.05325917219615906,1.2782201327090474,7.546103643330131,14.346204645114318,499304.7393394717,0.2652,0.020700000000000003,8.358073737004853,3.3921173012858272,7.029195543762018,1.605061580799731,20.38444816285243,FAIL,bare_aluminum,250.0
Larger candidate 80x100x50mm,best_vertical_channel_Hf_aligned,85.0,40.0,0.5,27,26,50.0,25.0,0.038007547226033556,0.7003581143794917,0.05325917219615906,1.2782201327090474,7.546103643330131,14.346204645114318,499304.7393394717,0.2652,0.020700000000000003,8.358073737004853,3.764733258277878,7.029195543762018,4.012653951999328,23.164656491044077,FAIL,treated_or_oxidized_aluminum,250.0
Larger candidate 80x100x50mm,best_vertical_channel_Hf_aligned,85.0,40.0,0.85,27,26,50.0,25.0,0.038007547226033556,0.7003581143794917,0.05325917219615906,1.2782201327090474,7.546103643330131,14.346204645114318,499304.7393394717,0.2652,0.020700000000000003,8.358073737004853,3.881785568038489,7.029195543762018,6.821511718398857,26.090566567204217,FAIL,black_anodized_aluminum,250.0
Larger candidate 80x100x50mm,best_vertical_channel_Hf_aligned,85.0,50.0,0.2,27,26,50.0,25.0,0.038007547226033556,0.5533515692951052,0.04207996724677606,1.009919213922626,7.134936288868398,13.564517659445626,394499.6929385258,0.2652,0.020700000000000003,5.136209266197166,2.752891543533652,5.169261341285155,1.302596596809733,14.360958747825707,FAIL,bare_aluminum,250.0
Larger candidate 80x100x50mm,best_vertical_channel_Hf_aligned,85.0,50.0,0.5,27,26,50.0,25.0,0.038007547226033556,0.5533515692951052,0.04207996724677606,1.009919213922626,7.134936288868398,13.564517659445626,394499.6929385258,0.2652,0.020700000000000003,5.136209266197166,3.0552900828177396,5.169261341285155,3.2564914920243324,16.617252182324393,FAIL,treated_or_oxidized_aluminum,250.0
Larger candidate 80x100x50mm,best_vertical_channel_Hf_aligned,85.0,50.0,0.85,27,26,50.0,25.0,0.038007547226033556,0.5533515692951052,0.04207996724677606,1.009919213922626,7.134936288868398,13.564517659445626,394499.6929385258,0.2652,0.020700000000000003,5.136209266197166,3.1502845317328525,5.169261341285155,5.536035536441365,18.99179067565654,FAIL,black_anodized_aluminum,250.0
Larger candidate 80x100x50mm,best_vertical_channel_Hf_aligned,100.0,25.0,0.2,27,26,50.0,25.0,0.038007547226033556,1.1150991789747213,0.08479841665207007,2.0351620515078004,8.432484186858849,16.031338758286786,794985.1763702347,0.2652,0.020700000000000003,22.179322669807206,5.6984904249508235,13.091431700098363,2.696377288066254,43.665622082922646,FAIL,bare_aluminum,250.0
Larger candidate 80x100x50mm,best_vertical_channel_Hf_aligned,100.0,25.0,0.5,27,26,50.0,25.0,0.038007547226033556,1.1150991789747213,0.08479841665207007,2.0351620515078004,8.432484186858849,16.031338758286786,794985.1763702347,0.2652,0.020700000000000003,22.179322669807206,6.324455942799574,13.091431700098363,6.740943220165635,48.336153532870775,FAIL,treated_or_oxidized_aluminum,250.0
Larger candidate 80x100x50mm,best_vertical_channel_Hf_aligned,100.0,25.0,0.85,27,26,50.0,25.0,0.038007547226033556,1.1150991789747213,0.08479841665207007,2.0351620515078004,8.432484186858849,16.031338758286786,794985.1763702347,0.2652,0.020700000000000003,22.179322669807206,6.521094622168468,13.091431700098363,11.45960347428158,53.251452466355616,FAIL,black_anodized_aluminum,250.0
Larger candidate 80x100x50mm,best_vertical_channel_Hf_aligned,100.0,40.0,0.2,27,26,50.0,25.0,0.038007547226033556,0.9124681974723178,0.06938921653781885,1.6653411978390207,8.037624065899069,15.280654117678838,650523.9054058675,0.2652,0.020700000000000003,14.519193958179521,4.847984968668886,9.982729089846645,2.2939402521709393,31.643848268865995,FAIL,bare_aluminum,250.0
Larger candidate 80x100x50mm,best_vertical_channel_Hf_aligned,100.0,40.0,0.5,27,26,50.0,25.0,0.038007547226033556,0.9124681974723178,0.06938921653781885,1.6653411978390207,8.037624065899069,15.280654117678838,650523.9054058675,0.2652,0.020700000000000003,14.519193958179521,5.380524500217184,9.982729089846645,5.734850630427348,35.617298178670694,FAIL,treated_or_oxidized_aluminum,250.0
Larger candidate 80x100x50mm,best_vertical_channel_Hf_aligned,100.0,40.0,0.85,27,26,50.0,25.0,0.038007547226033556,0.9124681974723178,0.06938921653781885,1.6653411978390207,8.037624065899069,15.280654117678838,650523.9054058675,0.2652,0.020700000000000003,14.519193958179521,5.5478146579167165,9.982729089846645,9.749246071726493,39.79898377766938,FAIL,black_anodized_aluminum,250.0
Larger candidate 80x100x50mm,best_vertical_channel_Hf_aligned,100.0,50.0,0.2,27,26,50.0,25.0,0.038007547226033556,0.7721554468108839,0.058719045384858094,1.4092570892538927,7.723647656910396,14.683740792605315,550491.050489802,0.2652,0.020700000000000003,10.238781224712321,4.2087592109167105,7.993975324902261,1.9914752681809413,24.432991028712234,FAIL,bare_aluminum,250.0
Larger candidate 80x100x50mm,best_vertical_channel_Hf_aligned,100.0,50.0,0.5,27,26,50.0,25.0,0.038007547226033556,0.7721554468108839,0.058719045384858094,1.4092570892538927,7.723647656910396,14.683740792605315,550491.050489802,0.2652,0.020700000000000003,10.238781224712321,4.671081324757046,7.993975324902261,4.978688170452353,27.882526044823983,FAIL,treated_or_oxidized_aluminum,250.0
Larger candidate 80x100x50mm,best_vertical_channel_Hf_aligned,100.0,50.0,0.85,27,26,50.0,25.0,0.038007547226033556,0.7721554468108839,0.058719045384858094,1.4092570892538927,7.723647656910396,14.683740792605315,550491.050489802,0.2652,0.020700000000000003,10.238781224712321,4.81631362161108,7.993975324902261,8.463769889769,31.512840060994662,FAIL,black_anodized_aluminum,250.0
Larger candidate 80x100x50mm,best_vertical_channel_Hf_aligned,120.0,25.0,0.2,27,26,50.0,25.0,0.038007547226033556,1.3715942741418143,0.10430374708302771,2.5032915201665022,8.861422630199266,16.846811084029024,977848.2500650402,0.2652,0.020700000000000003,34.55594614272887,7.932491867621963,17.42598760228686,3.753448600347645,63.66787421298534,FAIL,bare_aluminum,250.0
Larger candidate 80x100x50mm,best_vertical_channel_Hf_aligned,120.0,25.0,0.5,27,26,50.0,25.0,0.038007547226033556,1.3715942741418143,0.10430374708302771,2.5032915201665022,8.861422630199266,16.846811084029024,977848.2500650402,0.2652,0.020700000000000003,34.55594614272887,8.803857090594999,17.42598760228686,9.383621500869111,70.16941233647984,FAIL,treated_or_oxidized_aluminum,250.0
Larger candidate 80x100x50mm,best_vertical_channel_Hf_aligned,120.0,25.0,0.85,27,26,50.0,25.0,0.038007547226033556,1.3715942741418143,0.10430374708302771,2.5032915201665022,8.861422630199266,16.846811084029024,977848.2500650402,0.2652,0.020700000000000003,34.55594614272887,9.077584798923496,17.42598760228686,15.952156551477492,77.01167509541672,FAIL,black_anodized_aluminum,250.0
Larger candidate 80x100x50mm,best_vertical_channel_Hf_aligned,120.0,40.0,0.2,27,26,50.0,25.0,0.038007547226033556,1.1806453520450662,0.08978291650532823,2.1547901387781545,8.548615298327528,16.25212033902572,841714.8979602167,0.2652,0.020700000000000003,25.04857178898812,7.081986411340026,14.15650693403039,3.35101156445233,49.63807669881086,FAIL,bare_aluminum,250.0
Larger candidate 80x100x50mm,best_vertical_channel_Hf_aligned,120.0,40.0,0.5,27,26,50.0,25.0,0.038007547226033556,1.1806453520450662,0.08978291650532823,2.1547901387781545,8.548615298327528,16.25212033902572,841714.8979602167,0.2652,0.020700000000000003,25.04857178898812,7.859925648012609,14.15650693403039,8.377528911130824,55.442533282161946,FAIL,treated_or_oxidized_aluminum,250.0
Larger candidate 80x100x50mm,best_vertical_channel_Hf_aligned,120.0,40.0,0.85,27,26,50.0,25.0,0.038007547226033556,1.1806453520450662,0.08978291650532823,2.1547901387781545,8.548615298327528,16.25212033902572,841714.8979602167,0.2652,0.020700000000000003,25.04857178898812,8.104304834671746,14.15650693403039,14.241799148922402,61.55118270661266,FAIL,black_anodized_aluminum,250.0
Larger candidate 80x100x50mm,best_vertical_channel_Hf_aligned,120.0,50.0,0.2,27,26,50.0,25.0,0.038007547226033556,1.0485692412027694,0.07973910579488741,1.9137385554535604,8.309250286543527,15.797053776698723,747554.1232240474,0.2652,0.020700000000000003,19.465639393688214,6.44276065358785,12.040103665201572,3.048546580462332,40.99705029293997,FAIL,bare_aluminum,250.0
Larger candidate 80x100x50mm,best_vertical_channel_Hf_aligned,120.0,50.0,0.5,27,26,50.0,25.0,0.038007547226033556,1.0485692412027694,0.07973910579488741,1.9137385554535604,8.309250286543527,15.797053776698723,747554.1232240474,0.2652,0.020700000000000003,19.465639393688214,7.150482472552471,12.040103665201572,7.62136645115583,46.27759198259809,FAIL,treated_or_oxidized_aluminum,250.0
Larger candidate 80x100x50mm,best_vertical_channel_Hf_aligned,120.0,50.0,0.85,27,26,50.0,25.0,0.038007547226033556,1.0485692412027694,0.07973910579488741,1.9137385554535604,8.309250286543527,15.797053776698723,747554.1232240474,0.2652,0.020700000000000003,19.465639393688214,7.3728037983661086,12.040103665201572,12.956322966964912,51.8348698242208,FAIL,black_anodized_aluminum,250.0
Larger candidate 80x100x50mm,length_aligned_channel_L_aligned,60.0,25.0,0.2,27,26,50.0,25.0,0.038007547226033556,0.2766757846475528,0.021039983623388044,0.504959606961313,7.134936288868398,13.564517659445626,394499.6929385258,0.2652,0.020700000000000003,2.5681046330985855,2.1911368856219275,5.169261341285155,1.0367889200210734,10.965291780026742,FAIL,bare_aluminum,250.0
Larger candidate 80x100x50mm,length_aligned_channel_L_aligned,60.0,25.0,0.5,27,26,50.0,25.0,0.038007547226033556,0.2766757846475528,0.021039983623388044,0.504959606961313,7.134936288868398,13.564517659445626,394499.6929385258,0.2652,0.020700000000000003,2.5681046330985855,2.4318280218709925,5.169261341285155,2.5919723000526833,12.761166296307417,FAIL,treated_or_oxidized_aluminum,250.0
Larger candidate 80x100x50mm,length_aligned_channel_L_aligned,60.0,25.0,0.85,27,26,50.0,25.0,0.038007547226033556,0.2766757846475528,0.021039983623388044,0.504959606961313,7.134936288868398,13.564517659445626,394499.6929385258,0.2652,0.020700000000000003,2.5681046330985855,2.5074379170142107,5.169261341285155,4.406352910089562,14.651156801487513,FAIL,black_anodized_aluminum,250.0
Larger candidate 80x100x50mm,length_aligned_channel_L_aligned,60.0,40.0,0.2,27,26,50.0,25.0,0.038007547226033556,0.16194842293688141,0.012315469424857903,0.2955712661965897,6.285640518252807,11.949886916830433,230915.05171608576,0.2652,0.020700000000000003,0.8589744352572191,1.3406314293399904,2.6022551745566624,0.6343518841257585,5.43621292327963,FAIL,bare_aluminum,250.0
Larger candidate 80x100x50mm,length_aligned_channel_L_aligned,60.0,40.0,0.5,27,26,50.0,25.0,0.038007547226033556,0.16194842293688141,0.012315469424857903,0.2955712661965897,6.285640518252807,11.949886916830433,230915.05171608576,0.2652,0.020700000000000003,0.8589744352572191,1.4878965792886032,2.6022551745566624,1.5858797103143962,6.5350058994168805,FAIL,treated_or_oxidized_aluminum,250.0
Larger candidate 80x100x50mm,length_aligned_channel_L_aligned,60.0,40.0,0.85,27,26,50.0,25.0,0.038007547226033556,0.16194842293688141,0.012315469424857903,0.2955712661965897,6.285640518252807,11.949886916830433,230915.05171608576,0.2652,0.020700000000000003,0.8589744352572191,1.5341579527624603,2.6022551745566624,2.6959955075344735,7.691383070110815,FAIL,black_anodized_aluminum,250.0
Larger candidate 80x100x50mm,length_aligned_channel_L_aligned,60.0,50.0,0.2,27,26,50.0,25.0,0.038007547226033556,0.08230975841662545,0.006259297217994331,0.15022313323186395,5.3629090143862275,10.19564451404226,117361.82283739372,0.2652,0.020700000000000003,0.2182854793208907,0.7014056715878146,1.1101221659779492,0.3318869001357605,2.361700217022415,FAIL,bare_aluminum,250.0
Larger candidate 80x100x50mm,length_aligned_channel_L_aligned,60.0,50.0,0.5,27,26,50.0,25.0,0.038007547226033556,0.08230975841662545,0.006259297217994331,0.15022313323186395,5.3629090143862275,10.19564451404226,117361.82283739372,0.2652,0.020700000000000003,0.2182854793208907,0.7784534038284643,1.1101221659779492,0.8297172503394012,2.9365782994667056,FAIL,treated_or_oxidized_aluminum,250.0
Larger candidate 80x100x50mm,length_aligned_channel_L_aligned,60.0,50.0,0.85,27,26,50.0,25.0,0.038007547226033556,0.08230975841662545,0.006259297217994331,0.15022313323186395,5.3629090143862275,10.19564451404226,117361.82283739372,0.2652,0.020700000000000003,0.2182854793208907,0.8026569164568232,1.1101221659779492,1.4105193255769821,3.5415838873326453,FAIL,black_anodized_aluminum,250.0
Larger candidate 80x100x50mm,length_aligned_channel_L_aligned,70.0,25.0,0.2,27,26,50.0,25.0,0.038007547226033556,0.3501790571900828,0.026629586098105156,0.6391100663545237,7.546103643330131,14.346204645114318,499304.7393394717,0.2652,0.020700000000000003,4.179036868506448,2.958629754250055,7.029195543762018,1.3999465609746522,15.566808727493173,FAIL,bare_aluminum,250.0
Larger candidate 80x100x50mm,length_aligned_channel_L_aligned,70.0,25.0,0.5,27,26,50.0,25.0,0.038007547226033556,0.3501790571900828,0.026629586098105156,0.6391100663545237,7.546103643330131,14.346204645114318,499304.7393394717,0.2652,0.020700000000000003,4.179036868506448,3.283628142969439,7.029195543762018,3.4998664024366306,17.991726957674537,FAIL,treated_or_oxidized_aluminum,250.0
Larger candidate 80x100x50mm,length_aligned_channel_L_aligned,70.0,25.0,0.85,27,26,50.0,25.0,0.038007547226033556,0.3501790571900828,0.026629586098105156,0.6391100663545237,7.546103643330131,14.346204645114318,499304.7393394717,0.2652,0.020700000000000003,4.179036868506448,3.3857220317421426,7.029195543762018,5.949772884142273,20.543727328152883,FAIL,black_anodized_aluminum,250.0
Larger candidate 80x100x50mm,length_aligned_channel_L_aligned,70.0,40.0,0.2,27,26,50.0,25.0,0.038007547226033556,0.23904393993932624,0.018178246383218726,0.4362779131972494,6.89170145583043,13.102094022491311,340842.1196853512,0.2652,0.020700000000000003,1.9018335861572795,2.1081242979681174,4.279746604070697,0.9975095250793374,9.287214013275431,FAIL,bare_aluminum,250.0
Larger candidate 80x100x50mm,length_aligned_channel_L_aligned,70.0,40.0,0.5,27,26,50.0,25.0,0.038007547226033556,0.23904393993932624,0.018178246383218726,0.4362779131972494,6.89170145583043,13.102094022491311,340842.1196853512,0.2652,0.020700000000000003,1.9018335861572795,2.3396967003870497,4.279746604070697,2.4937738126983433,11.015050703313369,FAIL,treated_or_oxidized_aluminum,250.0
Larger candidate 80x100x50mm,length_aligned_channel_L_aligned,70.0,40.0,0.85,27,26,50.0,25.0,0.038007547226033556,0.23904393993932624,0.018178246383218726,0.4362779131972494,6.89170145583043,13.102094022491311,340842.1196853512,0.2652,0.020700000000000003,1.9018335861572795,2.412442067490392,4.279746604070697,4.239415481587184,12.833437739305552,FAIL,black_anodized_aluminum,250.0
Larger candidate 80x100x50mm,length_aligned_channel_L_aligned,70.0,50.0,0.2,27,26,50.0,25.0,0.038007547226033556,0.16194842293688141,0.012315469424857903,0.2955712661965897,6.285640518252807,11.949886916830433,230915.05171608576,0.2652,0.020700000000000003,0.8589744352572191,1.4688985402159416,2.6022551745566624,0.6950445410893394,5.625172691119163,FAIL,bare_aluminum,250.0
Larger candidate 80x100x50mm,length_aligned_channel_L_aligned,70.0,50.0,0.5,27,26,50.0,25.0,0.038007547226033556,0.16194842293688141,0.012315469424857903,0.2955712661965897,6.285640518252807,11.949886916830433,230915.05171608576,0.2652,0.020700000000000003,0.8589744352572191,1.6302535249269108,2.6022551745566624,1.7376113527233483,6.8290944874641415,FAIL,treated_or_oxidized_aluminum,250.0
Larger candidate 80x100x50mm,length_aligned_channel_L_aligned,70.0,50.0,0.85,27,26,50.0,25.0,0.038007547226033556,0.16194842293688141,0.012315469424857903,0.2955712661965897,6.285640518252807,11.949886916830433,230915.05171608576,0.2652,0.020700000000000003,0.8589744352572191,1.6809410311847548,2.6022551745566624,2.9539392996296923,8.096109940628327,FAIL,black_anodized_aluminum,250.0
Larger candidate 80x100x50mm,length_aligned_channel_L_aligned,85.0,25.0,0.2,27,26,50.0,25.0,0.038007547226033556,0.45623409899131506,0.03469460828831293,0.8326705989195103,8.037624065899069,15.280654117678838,650523.9054058675,0.2652,0.020700000000000003,7.259596983149805,4.242622757567765,9.982729089846645,2.0074986166950457,23.49244744725926,FAIL,bare_aluminum,250.0
Larger candidate 80x100x50mm,length_aligned_channel_L_aligned,85.0,25.0,0.5,27,26,50.0,25.0,0.038007547226033556,0.45623409899131506,0.03469460828831293,0.8326705989195103,8.037624065899069,15.280654117678838,650523.9054058675,0.2652,0.020700000000000003,7.259596983149805,4.708664700860267,9.982729089846645,5.018746541737615,26.96973731559433,FAIL,treated_or_oxidized_aluminum,250.0
Larger candidate 80x100x50mm,length_aligned_channel_L_aligned,85.0,25.0,0.85,27,26,50.0,25.0,0.038007547226033556,0.45623409899131506,0.03469460828831293,0.8326705989195103,8.037624065899069,15.280654117678838,650523.9054058675,0.2652,0.020700000000000003,7.259596983149805,4.85506553229024,9.982729089846645,8.531869120953946,30.629260726240634,FAIL,black_anodized_aluminum,250.0
Larger candidate 80x100x50mm,length_aligned_channel_L_aligned,85.0,40.0,0.2,27,26,50.0,25.0,0.038007547226033556,0.3501790571900828,0.026629586098105156,0.6391100663545237,7.546103643330131,14.346204645114318,499304.7393394717,0.2652,0.020700000000000003,4.179036868506448,3.3921173012858272,7.029195543762018,1.605061580799731,16.205411294354025,FAIL,bare_aluminum,250.0
Larger candidate 80x100x50mm,length_aligned_channel_L_aligned,85.0,40.0,0.5,27,26,50.0,25.0,0.038007547226033556,0.3501790571900828,0.026629586098105156,0.6391100663545237,7.546103643330131,14.346204645114318,499304.7393394717,0.2652,0.020700000000000003,4.179036868506448,3.764733258277878,7.029195543762018,4.012653951999328,18.98561962254567,FAIL,treated_or_oxidized_aluminum,250.0
Larger candidate 80x100x50mm,length_aligned_channel_L_aligned,85.0,40.0,0.85,27,26,50.0,25.0,0.038007547226033556,0.3501790571900828,0.026629586098105156,0.6391100663545237,7.546103643330131,14.346204645114318,499304.7393394717,0.2652,0.020700000000000003,4.179036868506448,3.881785568038489,7.029195543762018,6.821511718398857,21.911529698705813,FAIL,black_anodized_aluminum,250.0
Larger candidate 80x100x50mm,length_aligned_channel_L_aligned,85.0,50.0,0.2,27,26,50.0,25.0,0.038007547226033556,0.2766757846475528,0.021039983623388044,0.504959606961313,7.134936288868398,13.564517659445626,394499.6929385258,0.2652,0.020700000000000003,2.5681046330985855,2.752891543533652,5.169261341285155,1.302596596809733,11.792854114727126,FAIL,bare_aluminum,250.0
Larger candidate 80x100x50mm,length_aligned_channel_L_aligned,85.0,50.0,0.5,27,26,50.0,25.0,0.038007547226033556,0.2766757846475528,0.021039983623388044,0.504959606961313,7.134936288868398,13.564517659445626,394499.6929385258,0.2652,0.020700000000000003,2.5681046330985855,3.0552900828177396,5.169261341285155,3.2564914920243324,14.049147549225813,FAIL,treated_or_oxidized_aluminum,250.0
Larger candidate 80x100x50mm,length_aligned_channel_L_aligned,85.0,50.0,0.85,27,26,50.0,25.0,0.038007547226033556,0.2766757846475528,0.021039983623388044,0.504959606961313,7.134936288868398,13.564517659445626,394499.6929385258,0.2652,0.020700000000000003,2.5681046330985855,3.1502845317328525,5.169261341285155,5.536035536441365,16.423686042557957,FAIL,black_anodized_aluminum,250.0
Larger candidate 80x100x50mm,length_aligned_channel_L_aligned,100.0,25.0,0.2,27,26,50.0,25.0,0.038007547226033556,0.5575496036943239,0.04239920940641247,1.0175810257539002,8.432484186858849,16.031338758286786,794985.1763702347,0.2652,0.020700000000000003,11.089661617480102,5.6984904249508235,13.091431700098363,2.696377288066254,32.57596103059554,FAIL,bare_aluminum,250.0
Larger candidate 80x100x50mm,length_aligned_channel_L_aligned,100.0,25.0,0.5,27,26,50.0,25.0,0.038007547226033556,0.5575496036943239,0.04239920940641247,1.0175810257539002,8.432484186858849,16.031338758286786,794985.1763702347,0.2652,0.020700000000000003,11.089661617480102,6.324455942799574,13.091431700098363,6.740943220165635,37.24649248054367,FAIL,treated_or_oxidized_aluminum,250.0
Larger candidate 80x100x50mm,length_aligned_channel_L_aligned,100.0,25.0,0.85,27,26,50.0,25.0,0.038007547226033556,0.5575496036943239,0.04239920940641247,1.0175810257539002,8.432484186858849,16.031338758286786,794985.1763702347,0.2652,0.020700000000000003,11.089661617480102,6.521094622168468,13.091431700098363,11.45960347428158,42.161791414028514,FAIL,black_anodized_aluminum,250.0
Larger candidate 80x100x50mm,length_aligned_channel_L_aligned,100.0,40.0,0.2,27,26,50.0,25.0,0.038007547226033556,0.45623409899131506,0.03469460828831293,0.8326705989195103,8.037624065899069,15.280654117678838,650523.9054058675,0.2652,0.020700000000000003,7.259596983149805,4.847984968668886,9.982729089846645,2.2939402521709393,24.38425129383628,FAIL,bare_aluminum,250.0
Larger candidate 80x100x50mm,length_aligned_channel_L_aligned,100.0,40.0,0.5,27,26,50.0,25.0,0.038007547226033556,0.45623409899131506,0.03469460828831293,0.8326705989195103,8.037624065899069,15.280654117678838,650523.9054058675,0.2652,0.020700000000000003,7.259596983149805,5.380524500217184,9.982729089846645,5.734850630427348,28.357701203640982,FAIL,treated_or_oxidized_aluminum,250.0
Larger candidate 80x100x50mm,length_aligned_channel_L_aligned,100.0,40.0,0.85,27,26,50.0,25.0,0.038007547226033556,0.45623409899131506,0.03469460828831293,0.8326705989195103,8.037624065899069,15.280654117678838,650523.9054058675,0.2652,0.020700000000000003,7.259596983149805,5.5478146579167165,9.982729089846645,9.749246071726493,32.539386802639655,FAIL,black_anodized_aluminum,250.0
Larger candidate 80x100x50mm,length_aligned_channel_L_aligned,100.0,50.0,0.2,27,26,50.0,25.0,0.038007547226033556,0.38607772341018104,0.029359522692789432,0.7046285446269464,7.723647656910396,14.683740792605315,550491.050489802,0.2652,0.020700000000000003,5.119390612419,4.2087592109167105,7.993975324902261,1.9914752681809413,19.313600416418915,FAIL,bare_aluminum,250.0
Larger candidate 80x100x50mm,length_aligned_channel_L_aligned,100.0,50.0,0.5,27,26,50.0,25.0,0.038007547226033556,0.38607772341018104,0.029359522692789432,0.7046285446269464,7.723647656910396,14.683740792605315,550491.050489802,0.2652,0.020700000000000003,5.119390612419,4.671081324757046,7.993975324902261,4.978688170452353,22.76313543253066,FAIL,treated_or_oxidized_aluminum,250.0
Larger candidate 80x100x50mm,length_aligned_channel_L_aligned,100.0,50.0,0.85,27,26,50.0,25.0,0.038007547226033556,0.38607772341018104,0.029359522692789432,0.7046285446269464,7.723647656910396,14.683740792605315,550491.050489802,0.2652,0.020700000000000003,5.119390612419,4.81631362161108,7.993975324902261,8.463769889769,26.393449448701343,FAIL,black_anodized_aluminum,250.0
Larger candidate 80x100x50mm,length_aligned_channel_L_aligned,120.0,25.0,0.2,27,26,50.0,25.0,0.038007547226033556,0.6857975727119124,0.052151906670107405,1.2516457600832511,8.861422630199266,16.846811084029024,977848.2500650402,0.2652,0.020700000000000003,17.27798404690392,7.932491867621963,17.42598760228686,3.753448600347645,46.389912117160385,FAIL,bare_aluminum,250.0
Larger candidate 80x100x50mm,length_aligned_channel_L_aligned,120.0,25.0,0.5,27,26,50.0,25.0,0.038007547226033556,0.6857975727119124,0.052151906670107405,1.2516457600832511,8.861422630199266,16.846811084029024,977848.2500650402,0.2652,0.020700000000000003,17.27798404690392,8.803857090594999,17.42598760228686,9.383621500869111,52.89145024065489,FAIL,treated_or_oxidized_aluminum,250.0
Larger candidate 80x100x50mm,length_aligned_channel_L_aligned,120.0,25.0,0.85,27,26,50.0,25.0,0.038007547226033556,0.6857975727119124,0.052151906670107405,1.2516457600832511,8.861422630199266,16.846811084029024,977848.2500650402,0.2652,0.020700000000000003,17.27798404690392,9.077584798923496,17.42598760228686,15.952156551477492,59.733712999591766,FAIL,black_anodized_aluminum,250.0
Larger candidate 80x100x50mm,length_aligned_channel_L_aligned,120.0,40.0,0.2,27,26,50.0,25.0,0.038007547226033556,0.5903227151027617,0.04489146122454462,1.0773950693890773,8.548615298327528,16.25212033902572,841714.8979602167,0.2652,0.020700000000000003,12.52428672362019,7.081986411340026,14.15650693403039,3.35101156445233,37.113791633442936,FAIL,bare_aluminum,250.0
Larger candidate 80x100x50mm,length_aligned_channel_L_aligned,120.0,40.0,0.5,27,26,50.0,25.0,0.038007547226033556,0.5903227151027617,0.04489146122454462,1.0773950693890773,8.548615298327528,16.25212033902572,841714.8979602167,0.2652,0.020700000000000003,12.52428672362019,7.859925648012609,14.15650693403039,8.377528911130824,42.91824821679401,FAIL,treated_or_oxidized_aluminum,250.0
Larger candidate 80x100x50mm,length_aligned_channel_L_aligned,120.0,40.0,0.85,27,26,50.0,25.0,0.038007547226033556,0.5903227151027617,0.04489146122454462,1.0773950693890773,8.548615298327528,16.25212033902572,841714.8979602167,0.2652,0.020700000000000003,12.52428672362019,8.104304834671746,14.15650693403039,14.241799148922402,49.02689764124473,FAIL,black_anodized_aluminum,250.0
Larger candidate 80x100x50mm,length_aligned_channel_L_aligned,120.0,50.0,0.2,27,26,50.0,25.0,0.038007547226033556,0.5242846250877982,0.03986955323861584,0.9568692777267802,8.309250286543527,15.797053776698723,747554.1232240474,0.2652,0.020700000000000003,9.732819780129885,6.44276065358785,12.040103665201572,3.048546580462332,31.264230679381637,FAIL,bare_aluminum,250.0
Larger candidate 80x100x50mm,length_aligned_channel_L_aligned,120.0,50.0,0.5,27,26,50.0,25.0,0.038007547226033556,0.5242846250877982,0.03986955323861584,0.9568692777267802,8.309250286543527,15.797053776698723,747554.1232240474,0.2652,0.020700000000000003,9.732819780129885,7.150482472552471,12.040103665201572,7.62136645115583,36.544772369039755,FAIL,treated_or_oxidized_aluminum,250.0
Larger candidate 80x100x50mm,length_aligned_channel_L_aligned,120.0,50.0,0.85,27,26,50.0,25.0,0.038007547226033556,0.5242846250877982,0.03986955323861584,0.9568692777267802,8.309250286543527,15.797053776698723,747554.1232240474,0.2652,0.020700000000000003,9.732819780129885,7.3728037983661086,12.040103665201572,12.956322966964912,42.102050210662476,FAIL,black_anodized_aluminum,250.0
